content,rating,updated,link,title
Why doesn't Blinkit have vitamins? I always buy from Amazon instead.,5,2024-08-22T21:18:58+00:00,https://apps.apple.com/app/blinkit/review/200000,Review 0
Why doesn't Blinkit have vitamins? I always buy from Amazon instead. Might switch to Zepto next time.,3,2023-02-13T18:54:28+00:00,https://apps.apple.com/app/blinkit/review/200001,Review 1
Good app but missing diapers. Nykaa has better personal care range. Might switch to Zepto next time.,5,2024-06-04T20:31:49+00:00,https://apps.apple.com/app/blinkit/review/200002,Review 2
Blinkit is great for groceries but I never think to order personal care here. Been using Blinkit for two years.,5,2024-03-21T15:38:20+00:00,https://apps.apple.com/app/blinkit/review/200003,Review 3
"Blinkit pe home essentials nahi milta, Amazon se order karta hoon. My friends feel the same.",5,2023-08-04T14:33:59+00:00,https://apps.apple.com/app/blinkit/review/200004,Review 4
I wish Blinkit had more brands in home essentials. Zepto seems better for that. Noticed this after the app update.,5,2023-01-09T03:46:43+00:00,https://apps.apple.com/app/blinkit/review/200005,Review 5
Fast delivery for milk and bread but pet supplies selection is very limited. My friends feel the same.,5,2023-12-02T00:11:29+00:00,https://apps.apple.com/app/blinkit/review/200006,Review 6
Blinkit is great for groceries but I never think to order groceries here. Especially in Bangalore.,3,2024-03-23T13:12:19+00:00,https://apps.apple.com/app/blinkit/review/200007,Review 7
Blinkit is great for groceries but I never think to order baby care here. Happens every reorder cycle.,4,2024-01-06T09:40:08+00:00,https://apps.apple.com/app/blinkit/review/200008,Review 8
Blinkit is great for groceries but I never think to order home essentials here. BigBasket still wins here for me.,5,2023-06-22T05:04:54+00:00,https://apps.apple.com/app/blinkit/review/200009,Review 9
Didn't know Blinkit sells home essentials until my friend mentioned it. BigBasket still wins here for me.,1,2025-04-12T17:32:01+00:00,https://apps.apple.com/app/blinkit/review/200010,Review 10
"Blinkit pe electronics nahi milta, Amazon se order karta hoon. Instamart has better variety lately.",3,2023-08-12T00:55:57+00:00,https://apps.apple.com/app/blinkit/review/200011,Review 11
Didn't know Blinkit sells pet supplies until my friend mentioned it. Nykaa feels safer for this purchase.,3,2024-07-02T01:56:07+00:00,https://apps.apple.com/app/blinkit/review/200012,Review 12
Why doesn't Blinkit have milk? I always buy from Amazon instead. Needs better in-app discovery.,4,2023-05-13T23:55:10+00:00,https://apps.apple.com/app/blinkit/review/200013,Review 13
Blinkit is great for groceries but I never think to order health pharmacy here. Would buy if assortment improved.,4,2025-03-28T04:55:03+00:00,https://apps.apple.com/app/blinkit/review/200014,Review 14
I wish Blinkit had more brands in pet supplies. Zepto seems better for that. Needs better in-app discovery.,1,2024-12-31T07:54:22+00:00,https://apps.apple.com/app/blinkit/review/200015,Review 15
Fast delivery for milk and bread but groceries selection is very limited. Search never surfaces these products.,5,2024-01-30T00:46:01+00:00,https://apps.apple.com/app/blinkit/review/200016,Review 16
Good app but missing vitamins. Nykaa has better personal care range. Category tab feels hidden.,3,2023-04-15T22:48:10+00:00,https://apps.apple.com/app/blinkit/review/200017,Review 17
Good app but missing diapers. Nykaa has better personal care range. Search never surfaces these products.,2,2024-05-31T13:11:32+00:00,https://apps.apple.com/app/blinkit/review/200018,Review 18
Didn't know Blinkit sells health pharmacy until my friend mentioned it. Price seems higher than competitors.,5,2024-06-09T21:57:23+00:00,https://apps.apple.com/app/blinkit/review/200019,Review 19
Good app but missing shampoo. Nykaa has better personal care range.,5,2024-12-22T18:23:49+00:00,https://apps.apple.com/app/blinkit/review/200020,Review 20
"Blinkit pe home essentials nahi milta, Amazon se order karta hoon. Delivery was fine though.",5,2023-10-11T03:48:58+00:00,https://apps.apple.com/app/blinkit/review/200021,Review 21
"Blinkit pe baby care nahi milta, Amazon se order karta hoon. Might switch to Zepto next time.",1,2024-12-11T23:31:53+00:00,https://apps.apple.com/app/blinkit/review/200022,Review 22
Blinkit is great for groceries but I never think to order electronics here. Been using Blinkit for two years.,5,2023-11-06T20:46:27+00:00,https://apps.apple.com/app/blinkit/review/200023,Review 23
Fast delivery for milk and bread but health pharmacy selection is very limited. Same thought last month.,4,2025-03-11T14:53:34+00:00,https://apps.apple.com/app/blinkit/review/200024,Review 24
Fast delivery for milk and bread but home essentials selection is very limited. Noticed this after the app update.,5,2023-02-26T21:19:16+00:00,https://apps.apple.com/app/blinkit/review/200025,Review 25
Fast delivery for milk and bread but electronics selection is very limited. My friends feel the same.,5,2024-07-08T12:57:42+00:00,https://apps.apple.com/app/blinkit/review/200026,Review 26
Good app but missing dog food. Nykaa has better personal care range. Especially in Bangalore.,3,2024-05-30T15:02:57+00:00,https://apps.apple.com/app/blinkit/review/200027,Review 27
I wish Blinkit had more brands in health pharmacy. Zepto seems better for that. Happens every reorder cycle.,5,2024-09-13T09:53:33+00:00,https://apps.apple.com/app/blinkit/review/200028,Review 28
Fast delivery for milk and bread but groceries selection is very limited. Nykaa feels safer for this purchase.,4,2023-10-18T05:03:02+00:00,https://apps.apple.com/app/blinkit/review/200029,Review 29
Fast delivery for milk and bread but home essentials selection is very limited. BigBasket still wins here for me.,3,2025-03-17T16:00:25+00:00,https://apps.apple.com/app/blinkit/review/200030,Review 30
"Blinkit pe baby care nahi milta, Amazon se order karta hoon. Instamart has better variety lately.",1,2024-10-21T10:29:40+00:00,https://apps.apple.com/app/blinkit/review/200031,Review 31
Didn't know Blinkit sells personal care until my friend mentioned it. Nykaa feels safer for this purchase.,3,2024-04-01T08:24:21+00:00,https://apps.apple.com/app/blinkit/review/200032,Review 32
Fast delivery for milk and bread but baby care selection is very limited. Amazon is my fallback always.,3,2024-04-04T06:15:22+00:00,https://apps.apple.com/app/blinkit/review/200033,Review 33
Why doesn't Blinkit have milk? I always buy from Amazon instead. Never saw an promo for this category.,4,2024-11-20T14:06:14+00:00,https://apps.apple.com/app/blinkit/review/200034,Review 34
"Blinkit pe pet supplies nahi milta, Amazon se order karta hoon. Never saw an promo for this category.",4,2024-07-01T16:21:49+00:00,https://apps.apple.com/app/blinkit/review/200035,Review 35
Fast delivery for milk and bread but groceries selection is very limited. Delivery was fine though.,1,2023-03-31T02:27:49+00:00,https://apps.apple.com/app/blinkit/review/200036,Review 36
Fast delivery for milk and bread but groceries selection is very limited. Been using Blinkit for two years.,5,2025-03-08T01:13:59+00:00,https://apps.apple.com/app/blinkit/review/200037,Review 37
Blinkit is great for groceries but I never think to order personal care here. Search never surfaces these products.,5,2023-08-10T19:12:15+00:00,https://apps.apple.com/app/blinkit/review/200038,Review 38
Blinkit is great for groceries but I never think to order home essentials here. Price seems higher than competitors.,1,2023-07-16T02:11:47+00:00,https://apps.apple.com/app/blinkit/review/200039,Review 39
Fast delivery for milk and bread but health pharmacy selection is very limited.,5,2024-08-17T17:50:47+00:00,https://apps.apple.com/app/blinkit/review/200040,Review 40
Didn't know Blinkit sells pet supplies until my friend mentioned it. Delivery was fine though.,4,2023-08-27T08:35:21+00:00,https://apps.apple.com/app/blinkit/review/200041,Review 41
Fast delivery for milk and bread but health pharmacy selection is very limited. Might switch to Zepto next time.,5,2024-11-20T15:15:22+00:00,https://apps.apple.com/app/blinkit/review/200042,Review 42
Didn't know Blinkit sells personal care until my friend mentioned it. Been using Blinkit for two years.,4,2024-07-24T00:53:08+00:00,https://apps.apple.com/app/blinkit/review/200043,Review 43
Why doesn't Blinkit have notebooks? I always buy from Amazon instead. Same thought last month.,1,2023-06-26T05:40:15+00:00,https://apps.apple.com/app/blinkit/review/200044,Review 44
I wish Blinkit had more brands in personal care. Zepto seems better for that. Noticed this after the app update.,4,2025-03-15T06:56:34+00:00,https://apps.apple.com/app/blinkit/review/200045,Review 45
Fast delivery for milk and bread but baby care selection is very limited. My friends feel the same.,5,2024-02-09T08:18:21+00:00,https://apps.apple.com/app/blinkit/review/200046,Review 46
Didn't know Blinkit sells electronics until my friend mentioned it. Happens every reorder cycle.,4,2024-03-19T15:04:39+00:00,https://apps.apple.com/app/blinkit/review/200047,Review 47
Why doesn't Blinkit have detergent? I always buy from Amazon instead. Happens every reorder cycle.,2,2023-07-10T12:15:16+00:00,https://apps.apple.com/app/blinkit/review/200048,Review 48
I wish Blinkit had more brands in baby care. Zepto seems better for that. Amazon is my fallback always.,5,2023-09-26T05:05:44+00:00,https://apps.apple.com/app/blinkit/review/200049,Review 49
Blinkit is great for groceries but I never think to order home essentials here. Instamart has better variety lately.,4,2024-05-11T11:05:44+00:00,https://apps.apple.com/app/blinkit/review/200050,Review 50
Didn't know Blinkit sells baby care until my friend mentioned it. Instamart has better variety lately.,3,2025-04-22T05:36:48+00:00,https://apps.apple.com/app/blinkit/review/200051,Review 51
Good app but missing notebooks. Nykaa has better personal care range. Amazon is my fallback always.,5,2023-09-02T16:13:16+00:00,https://apps.apple.com/app/blinkit/review/200052,Review 52
Good app but missing shampoo. Nykaa has better personal care range. Needs better in-app discovery.,4,2024-07-15T13:24:19+00:00,https://apps.apple.com/app/blinkit/review/200053,Review 53
Why doesn't Blinkit have diapers? I always buy from Amazon instead. Would buy if assortment improved.,3,2023-08-04T17:42:18+00:00,https://apps.apple.com/app/blinkit/review/200054,Review 54
Blinkit is great for groceries but I never think to order home essentials here. Never saw an promo for this category.,4,2024-07-14T15:11:51+00:00,https://apps.apple.com/app/blinkit/review/200055,Review 55
I wish Blinkit had more brands in health pharmacy. Zepto seems better for that. Category tab feels hidden.,2,2025-05-06T22:53:18+00:00,https://apps.apple.com/app/blinkit/review/200056,Review 56
Blinkit is great for groceries but I never think to order baby care here. Category tab feels hidden.,4,2024-04-25T11:11:37+00:00,https://apps.apple.com/app/blinkit/review/200057,Review 57
Didn't know Blinkit sells home essentials until my friend mentioned it. Search never surfaces these products.,5,2024-09-30T03:33:07+00:00,https://apps.apple.com/app/blinkit/review/200058,Review 58
Why doesn't Blinkit have diapers? I always buy from Amazon instead. Price seems higher than competitors.,4,2024-05-07T11:38:53+00:00,https://apps.apple.com/app/blinkit/review/200059,Review 59
I wish Blinkit had more brands in home essentials. Zepto seems better for that. Delivery was fine though.,3,2025-03-14T16:34:45+00:00,https://apps.apple.com/app/blinkit/review/200060,Review 60
Good app but missing shampoo. Nykaa has better personal care range. Delivery was fine though.,4,2023-07-20T10:41:50+00:00,https://apps.apple.com/app/blinkit/review/200061,Review 61
Good app but missing dog food. Nykaa has better personal care range. Might switch to Zepto next time.,4,2023-07-12T21:03:43+00:00,https://apps.apple.com/app/blinkit/review/200062,Review 62
Why doesn't Blinkit have notebooks? I always buy from Amazon instead. My friends feel the same.,3,2023-09-09T14:33:57+00:00,https://apps.apple.com/app/blinkit/review/200063,Review 63
Fast delivery for milk and bread but electronics selection is very limited. Same thought last month.,5,2025-03-17T01:54:42+00:00,https://apps.apple.com/app/blinkit/review/200064,Review 64
Fast delivery for milk and bread but baby care selection is very limited. Especially in Bangalore.,4,2023-11-01T22:39:57+00:00,https://apps.apple.com/app/blinkit/review/200065,Review 65
Why doesn't Blinkit have notebooks? I always buy from Amazon instead. Especially in Bangalore.,4,2024-04-15T10:07:10+00:00,https://apps.apple.com/app/blinkit/review/200066,Review 66
Didn't know Blinkit sells baby care until my friend mentioned it. Especially in Bangalore.,4,2023-09-19T23:12:07+00:00,https://apps.apple.com/app/blinkit/review/200067,Review 67
Why doesn't Blinkit have shampoo? I always buy from Amazon instead. Happens every reorder cycle.,5,2024-06-08T11:22:13+00:00,https://apps.apple.com/app/blinkit/review/200068,Review 68
Good app but missing dog food. Nykaa has better personal care range. Wish the homepage showed this category.,2,2023-02-14T01:50:25+00:00,https://apps.apple.com/app/blinkit/review/200069,Review 69
"Blinkit pe stationery nahi milta, Amazon se order karta hoon. BigBasket still wins here for me.",5,2023-11-24T11:30:21+00:00,https://apps.apple.com/app/blinkit/review/200070,Review 70
Didn't know Blinkit sells groceries until my friend mentioned it. Instamart has better variety lately.,4,2023-02-17T01:08:24+00:00,https://apps.apple.com/app/blinkit/review/200071,Review 71
"Blinkit pe stationery nahi milta, Amazon se order karta hoon. Nykaa feels safer for this purchase.",4,2024-04-14T06:53:05+00:00,https://apps.apple.com/app/blinkit/review/200072,Review 72
Fast delivery for milk and bread but groceries selection is very limited. Would buy if assortment improved.,1,2024-12-05T13:21:03+00:00,https://apps.apple.com/app/blinkit/review/200073,Review 73
Why doesn't Blinkit have dog food? I always buy from Amazon instead. Would buy if assortment improved.,4,2024-11-13T21:40:51+00:00,https://apps.apple.com/app/blinkit/review/200074,Review 74
Why doesn't Blinkit have detergent? I always buy from Amazon instead. Needs better in-app discovery.,4,2024-06-12T11:17:53+00:00,https://apps.apple.com/app/blinkit/review/200075,Review 75
Good app but missing vitamins. Nykaa has better personal care range. Search never surfaces these products.,5,2024-05-11T00:58:40+00:00,https://apps.apple.com/app/blinkit/review/200076,Review 76
I wish Blinkit had more brands in health pharmacy. Zepto seems better for that. Price seems higher than competitors.,5,2023-07-23T03:18:55+00:00,https://apps.apple.com/app/blinkit/review/200077,Review 77
Fast delivery for milk and bread but baby care selection is very limited.,4,2024-01-11T12:38:26+00:00,https://apps.apple.com/app/blinkit/review/200078,Review 78
I wish Blinkit had more brands in stationery. Zepto seems better for that. Price seems higher than competitors.,2,2024-01-21T03:05:09+00:00,https://apps.apple.com/app/blinkit/review/200079,Review 79
Fast delivery for milk and bread but pet supplies selection is very limited. Might switch to Zepto next time.,5,2024-08-19T18:08:37+00:00,https://apps.apple.com/app/blinkit/review/200080,Review 80
Why doesn't Blinkit have milk? I always buy from Amazon instead. Delivery was fine though.,5,2023-09-06T02:02:05+00:00,https://apps.apple.com/app/blinkit/review/200081,Review 81
Why doesn't Blinkit have vitamins? I always buy from Amazon instead. Same thought last month.,4,2023-09-05T12:42:56+00:00,https://apps.apple.com/app/blinkit/review/200082,Review 82
I wish Blinkit had more brands in home essentials. Zepto seems better for that. Been using Blinkit for two years.,4,2024-04-24T07:13:22+00:00,https://apps.apple.com/app/blinkit/review/200083,Review 83
I wish Blinkit had more brands in baby care. Zepto seems better for that. Happens every reorder cycle.,4,2025-02-24T04:20:07+00:00,https://apps.apple.com/app/blinkit/review/200084,Review 84
Why doesn't Blinkit have earphones? I always buy from Amazon instead. Noticed this after the app update.,1,2024-07-02T04:52:57+00:00,https://apps.apple.com/app/blinkit/review/200085,Review 85
I wish Blinkit had more brands in stationery. Zepto seems better for that. BigBasket still wins here for me.,3,2025-01-01T00:44:58+00:00,https://apps.apple.com/app/blinkit/review/200086,Review 86
Good app but missing dog food. Nykaa has better personal care range. BigBasket still wins here for me.,4,2023-06-16T23:46:54+00:00,https://apps.apple.com/app/blinkit/review/200087,Review 87
"Blinkit pe stationery nahi milta, Amazon se order karta hoon. Instamart has better variety lately.",5,2024-07-22T05:10:43+00:00,https://apps.apple.com/app/blinkit/review/200088,Review 88
Blinkit is great for groceries but I never think to order health pharmacy here. Instamart has better variety lately.,1,2024-09-14T06:45:55+00:00,https://apps.apple.com/app/blinkit/review/200089,Review 89
Fast delivery for milk and bread but electronics selection is very limited. BigBasket still wins here for me.,3,2025-05-09T09:38:44+00:00,https://apps.apple.com/app/blinkit/review/200090,Review 90
Didn't know Blinkit sells groceries until my friend mentioned it. Needs better in-app discovery.,5,2024-11-30T14:25:41+00:00,https://apps.apple.com/app/blinkit/review/200091,Review 91
Good app but missing notebooks. Nykaa has better personal care range. Would buy if assortment improved.,2,2023-07-04T13:35:45+00:00,https://apps.apple.com/app/blinkit/review/200092,Review 92
I wish Blinkit had more brands in baby care. Zepto seems better for that. Would buy if assortment improved.,5,2024-08-02T17:50:32+00:00,https://apps.apple.com/app/blinkit/review/200093,Review 93
Didn't know Blinkit sells health pharmacy until my friend mentioned it. Needs better in-app discovery.,5,2024-07-21T22:47:36+00:00,https://apps.apple.com/app/blinkit/review/200094,Review 94
Didn't know Blinkit sells electronics until my friend mentioned it. Needs better in-app discovery.,4,2025-03-01T21:27:47+00:00,https://apps.apple.com/app/blinkit/review/200095,Review 95
Blinkit is great for groceries but I never think to order pet supplies here. Never saw an promo for this category.,2,2023-03-02T10:49:04+00:00,https://apps.apple.com/app/blinkit/review/200096,Review 96
Good app but missing vitamins. Nykaa has better personal care range. Price seems higher than competitors.,4,2025-01-05T22:27:43+00:00,https://apps.apple.com/app/blinkit/review/200097,Review 97
Didn't know Blinkit sells personal care until my friend mentioned it.,2,2025-03-11T19:26:48+00:00,https://apps.apple.com/app/blinkit/review/200098,Review 98
Why doesn't Blinkit have vitamins? I always buy from Amazon instead. Price seems higher than competitors.,5,2024-09-02T10:24:31+00:00,https://apps.apple.com/app/blinkit/review/200099,Review 99
Didn't know Blinkit sells stationery until my friend mentioned it.,4,2024-06-06T12:54:40+00:00,https://apps.apple.com/app/blinkit/review/200100,Review 100
"Blinkit pe home essentials nahi milta, Amazon se order karta hoon. Been using Blinkit for two years.",3,2025-05-24T11:20:15+00:00,https://apps.apple.com/app/blinkit/review/200101,Review 101
Fast delivery for milk and bread but pet supplies selection is very limited. Been using Blinkit for two years.,4,2024-05-29T13:30:25+00:00,https://apps.apple.com/app/blinkit/review/200102,Review 102
Didn't know Blinkit sells groceries until my friend mentioned it. Been using Blinkit for two years.,5,2024-04-22T23:03:39+00:00,https://apps.apple.com/app/blinkit/review/200103,Review 103
Didn't know Blinkit sells pet supplies until my friend mentioned it. BigBasket still wins here for me.,3,2025-01-07T06:00:20+00:00,https://apps.apple.com/app/blinkit/review/200104,Review 104
"Blinkit pe electronics nahi milta, Amazon se order karta hoon. My friends feel the same.",4,2023-03-21T18:39:33+00:00,https://apps.apple.com/app/blinkit/review/200105,Review 105
Didn't know Blinkit sells personal care until my friend mentioned it. My friends feel the same.,2,2024-08-13T14:31:23+00:00,https://apps.apple.com/app/blinkit/review/200106,Review 106
Blinkit is great for groceries but I never think to order electronics here. Especially in Bangalore.,2,2023-06-20T17:12:07+00:00,https://apps.apple.com/app/blinkit/review/200107,Review 107
Fast delivery for milk and bread but home essentials selection is very limited. Happens every reorder cycle.,2,2024-10-12T13:15:40+00:00,https://apps.apple.com/app/blinkit/review/200108,Review 108
I wish Blinkit had more brands in electronics. Zepto seems better for that. Instamart has better variety lately.,5,2025-02-18T13:11:13+00:00,https://apps.apple.com/app/blinkit/review/200109,Review 109
Good app but missing detergent. Nykaa has better personal care range. Nykaa feels safer for this purchase.,5,2023-04-07T18:00:52+00:00,https://apps.apple.com/app/blinkit/review/200110,Review 110
Didn't know Blinkit sells electronics until my friend mentioned it. Nykaa feels safer for this purchase.,5,2024-05-19T22:43:29+00:00,https://apps.apple.com/app/blinkit/review/200111,Review 111
Didn't know Blinkit sells home essentials until my friend mentioned it. Nykaa feels safer for this purchase.,3,2024-08-08T09:02:45+00:00,https://apps.apple.com/app/blinkit/review/200112,Review 112
I wish Blinkit had more brands in personal care. Zepto seems better for that. Amazon is my fallback always.,3,2025-04-08T04:25:03+00:00,https://apps.apple.com/app/blinkit/review/200113,Review 113
"Blinkit pe health pharmacy nahi milta, Amazon se order karta hoon. Would buy if assortment improved.",4,2024-02-15T16:08:11+00:00,https://apps.apple.com/app/blinkit/review/200114,Review 114
Why doesn't Blinkit have earphones? I always buy from Amazon instead. Needs better in-app discovery.,4,2024-03-09T10:06:44+00:00,https://apps.apple.com/app/blinkit/review/200115,Review 115
Fast delivery for milk and bread but electronics selection is very limited. Price seems higher than competitors.,5,2024-03-24T22:51:18+00:00,https://apps.apple.com/app/blinkit/review/200116,Review 116
Fast delivery for milk and bread but home essentials selection is very limited. Category tab feels hidden.,3,2025-01-15T08:22:05+00:00,https://apps.apple.com/app/blinkit/review/200117,Review 117
Fast delivery for milk and bread but stationery selection is very limited. Search never surfaces these products.,4,2023-07-09T07:47:45+00:00,https://apps.apple.com/app/blinkit/review/200118,Review 118
I wish Blinkit had more brands in groceries. Zepto seems better for that. Might switch to Zepto next time.,5,2024-06-20T03:33:11+00:00,https://apps.apple.com/app/blinkit/review/200119,Review 119
Fast delivery for milk and bread but personal care selection is very limited. Noticed this after the app update.,3,2023-03-07T08:21:08+00:00,https://apps.apple.com/app/blinkit/review/200120,Review 120
Fast delivery for milk and bread but baby care selection is very limited. Delivery was fine though.,4,2024-11-18T04:58:36+00:00,https://apps.apple.com/app/blinkit/review/200121,Review 121
Why doesn't Blinkit have detergent? I always buy from Amazon instead. Might switch to Zepto next time.,5,2023-11-10T21:38:28+00:00,https://apps.apple.com/app/blinkit/review/200122,Review 122
Didn't know Blinkit sells stationery until my friend mentioned it. Been using Blinkit for two years.,2,2024-02-26T22:46:56+00:00,https://apps.apple.com/app/blinkit/review/200123,Review 123
Why doesn't Blinkit have earphones? I always buy from Amazon instead. Especially in Bangalore.,4,2023-03-20T20:40:20+00:00,https://apps.apple.com/app/blinkit/review/200124,Review 124
"Blinkit pe electronics nahi milta, Amazon se order karta hoon. Especially in Bangalore.",1,2023-12-28T16:46:34+00:00,https://apps.apple.com/app/blinkit/review/200125,Review 125
Fast delivery for milk and bread but groceries selection is very limited. Especially in Bangalore.,2,2025-01-03T20:29:39+00:00,https://apps.apple.com/app/blinkit/review/200126,Review 126
Blinkit is great for groceries but I never think to order personal care here. Happens every reorder cycle.,5,2025-05-04T22:37:50+00:00,https://apps.apple.com/app/blinkit/review/200127,Review 127
I wish Blinkit had more brands in personal care. Zepto seems better for that. BigBasket still wins here for me.,4,2025-01-08T23:22:05+00:00,https://apps.apple.com/app/blinkit/review/200128,Review 128
Good app but missing earphones. Nykaa has better personal care range. Wish the homepage showed this category.,3,2024-03-22T05:16:16+00:00,https://apps.apple.com/app/blinkit/review/200129,Review 129
Good app but missing dog food. Nykaa has better personal care range. Would buy if assortment improved.,4,2023-05-19T23:20:14+00:00,https://apps.apple.com/app/blinkit/review/200130,Review 130
Didn't know Blinkit sells electronics until my friend mentioned it. Amazon is my fallback always.,5,2023-02-27T22:34:45+00:00,https://apps.apple.com/app/blinkit/review/200131,Review 131
I wish Blinkit had more brands in personal care. Zepto seems better for that. Needs better in-app discovery.,5,2023-10-01T01:52:40+00:00,https://apps.apple.com/app/blinkit/review/200132,Review 132
Good app but missing dog food. Nykaa has better personal care range. Needs better in-app discovery.,5,2024-09-08T17:01:49+00:00,https://apps.apple.com/app/blinkit/review/200133,Review 133
"Blinkit pe personal care nahi milta, Amazon se order karta hoon. Would buy if assortment improved.",5,2024-03-25T16:06:39+00:00,https://apps.apple.com/app/blinkit/review/200134,Review 134
Fast delivery for milk and bread but pet supplies selection is very limited. Needs better in-app discovery.,5,2023-06-16T16:27:34+00:00,https://apps.apple.com/app/blinkit/review/200135,Review 135
Fast delivery for milk and bread but health pharmacy selection is very limited. Category tab feels hidden.,5,2024-12-06T19:21:40+00:00,https://apps.apple.com/app/blinkit/review/200136,Review 136
Why doesn't Blinkit have detergent? I always buy from Amazon instead. Category tab feels hidden.,4,2025-02-22T06:24:39+00:00,https://apps.apple.com/app/blinkit/review/200137,Review 137
Good app but missing earphones. Nykaa has better personal care range. Delivery was fine though.,3,2023-06-24T23:46:32+00:00,https://apps.apple.com/app/blinkit/review/200138,Review 138
"Blinkit pe home essentials nahi milta, Amazon se order karta hoon.",5,2024-02-04T15:31:47+00:00,https://apps.apple.com/app/blinkit/review/200139,Review 139
"Blinkit pe pet supplies nahi milta, Amazon se order karta hoon. Delivery was fine though.",5,2024-06-07T16:27:10+00:00,https://apps.apple.com/app/blinkit/review/200140,Review 140
Why doesn't Blinkit have earphones? I always buy from Amazon instead. Delivery was fine though.,5,2024-09-21T21:46:36+00:00,https://apps.apple.com/app/blinkit/review/200141,Review 141
Blinkit is great for groceries but I never think to order health pharmacy here. Especially in Bangalore.,4,2024-09-14T16:08:47+00:00,https://apps.apple.com/app/blinkit/review/200142,Review 142
Why doesn't Blinkit have shampoo? I always buy from Amazon instead. Same thought last month.,3,2025-01-11T16:46:44+00:00,https://apps.apple.com/app/blinkit/review/200143,Review 143
Blinkit is great for groceries but I never think to order electronics here. Same thought last month.,4,2024-02-10T02:46:47+00:00,https://apps.apple.com/app/blinkit/review/200144,Review 144
Good app but missing detergent. Nykaa has better personal care range. Noticed this after the app update.,5,2024-02-19T18:16:11+00:00,https://apps.apple.com/app/blinkit/review/200145,Review 145
Didn't know Blinkit sells stationery until my friend mentioned it. Happens every reorder cycle.,3,2023-01-18T18:21:18+00:00,https://apps.apple.com/app/blinkit/review/200146,Review 146
"Blinkit pe health pharmacy nahi milta, Amazon se order karta hoon. Especially in Bangalore.",1,2024-01-03T01:59:55+00:00,https://apps.apple.com/app/blinkit/review/200147,Review 147
I wish Blinkit had more brands in baby care. Zepto seems better for that. Needs better in-app discovery.,2,2024-04-21T14:34:10+00:00,https://apps.apple.com/app/blinkit/review/200148,Review 148
"Blinkit pe stationery nahi milta, Amazon se order karta hoon. Would buy if assortment improved.",4,2023-07-02T09:34:34+00:00,https://apps.apple.com/app/blinkit/review/200149,Review 149
Fast delivery for milk and bread but stationery selection is very limited. BigBasket still wins here for me.,3,2023-12-10T01:51:23+00:00,https://apps.apple.com/app/blinkit/review/200150,Review 150
I wish Blinkit had more brands in personal care. Zepto seems better for that. Instamart has better variety lately.,4,2023-08-26T23:10:18+00:00,https://apps.apple.com/app/blinkit/review/200151,Review 151
I wish Blinkit had more brands in health pharmacy. Zepto seems better for that. Nykaa feels safer for this purchase.,5,2025-05-03T04:56:47+00:00,https://apps.apple.com/app/blinkit/review/200152,Review 152
Good app but missing earphones. Nykaa has better personal care range. Needs better in-app discovery.,4,2024-01-20T10:10:47+00:00,https://apps.apple.com/app/blinkit/review/200153,Review 153
Didn't know Blinkit sells baby care until my friend mentioned it. Never saw an promo for this category.,4,2024-11-24T23:58:18+00:00,https://apps.apple.com/app/blinkit/review/200154,Review 154
Blinkit is great for groceries but I never think to order health pharmacy here. Needs better in-app discovery.,2,2025-05-26T09:44:04+00:00,https://apps.apple.com/app/blinkit/review/200155,Review 155
Didn't know Blinkit sells electronics until my friend mentioned it. Delivery was fine though.,2,2025-04-13T16:08:27+00:00,https://apps.apple.com/app/blinkit/review/200156,Review 156
Good app but missing vitamins. Nykaa has better personal care range. Noticed this after the app update.,4,2025-03-19T07:44:19+00:00,https://apps.apple.com/app/blinkit/review/200157,Review 157
"Blinkit pe electronics nahi milta, Amazon se order karta hoon. Search never surfaces these products.",2,2025-01-29T08:49:39+00:00,https://apps.apple.com/app/blinkit/review/200158,Review 158
Good app but missing detergent. Nykaa has better personal care range. Price seems higher than competitors.,4,2023-03-28T10:15:11+00:00,https://apps.apple.com/app/blinkit/review/200159,Review 159
I wish Blinkit had more brands in groceries. Zepto seems better for that. Been using Blinkit for two years.,1,2025-05-26T00:07:58+00:00,https://apps.apple.com/app/blinkit/review/200160,Review 160
"Blinkit pe home essentials nahi milta, Amazon se order karta hoon. Especially in Bangalore.",5,2024-04-23T17:23:38+00:00,https://apps.apple.com/app/blinkit/review/200161,Review 161
Fast delivery for milk and bread but groceries selection is very limited. Happens every reorder cycle.,5,2023-01-05T16:25:29+00:00,https://apps.apple.com/app/blinkit/review/200162,Review 162
Blinkit is great for groceries but I never think to order baby care here. Been using Blinkit for two years.,3,2024-10-20T04:35:00+00:00,https://apps.apple.com/app/blinkit/review/200163,Review 163
Didn't know Blinkit sells baby care until my friend mentioned it. Same thought last month.,5,2023-04-04T14:29:33+00:00,https://apps.apple.com/app/blinkit/review/200164,Review 164
I wish Blinkit had more brands in baby care. Zepto seems better for that. Never saw an promo for this category.,3,2023-02-19T07:09:42+00:00,https://apps.apple.com/app/blinkit/review/200165,Review 165
Good app but missing shampoo. Nykaa has better personal care range. Especially in Bangalore.,5,2023-07-30T09:09:14+00:00,https://apps.apple.com/app/blinkit/review/200166,Review 166
Fast delivery for milk and bread but groceries selection is very limited. Ref 567.,4,2024-08-17T03:52:25+00:00,https://apps.apple.com/app/blinkit/review/200167,Review 167
I wish Blinkit had more brands in groceries. Zepto seems better for that. Happens every reorder cycle.,4,2023-05-05T15:56:11+00:00,https://apps.apple.com/app/blinkit/review/200168,Review 168
"Blinkit pe personal care nahi milta, Amazon se order karta hoon. Instamart has better variety lately.",2,2024-06-24T05:48:04+00:00,https://apps.apple.com/app/blinkit/review/200169,Review 169
Didn't know Blinkit sells groceries until my friend mentioned it. BigBasket still wins here for me.,5,2023-07-17T19:50:36+00:00,https://apps.apple.com/app/blinkit/review/200170,Review 170
Good app but missing earphones. Nykaa has better personal care range. Instamart has better variety lately.,5,2023-01-06T09:29:37+00:00,https://apps.apple.com/app/blinkit/review/200171,Review 171
I wish Blinkit had more brands in stationery. Zepto seems better for that. Nykaa feels safer for this purchase.,4,2025-04-25T18:23:36+00:00,https://apps.apple.com/app/blinkit/review/200172,Review 172
Good app but missing milk. Nykaa has better personal care range. Amazon is my fallback always.,3,2023-12-23T18:29:49+00:00,https://apps.apple.com/app/blinkit/review/200173,Review 173
Why doesn't Blinkit have vitamins? I always buy from Amazon instead. Would buy if assortment improved.,2,2024-03-04T04:58:00+00:00,https://apps.apple.com/app/blinkit/review/200174,Review 174
Blinkit is great for groceries but I never think to order baby care here. Never saw an promo for this category.,4,2024-10-13T06:25:20+00:00,https://apps.apple.com/app/blinkit/review/200175,Review 175
Why doesn't Blinkit have dog food? I always buy from Amazon instead. Never saw an promo for this category.,1,2023-11-17T03:16:47+00:00,https://apps.apple.com/app/blinkit/review/200176,Review 176
I wish Blinkit had more brands in pet supplies. Zepto seems better for that. Category tab feels hidden.,3,2023-03-17T14:47:05+00:00,https://apps.apple.com/app/blinkit/review/200177,Review 177
I wish Blinkit had more brands in pet supplies. Zepto seems better for that. Search never surfaces these products.,3,2024-11-12T21:43:11+00:00,https://apps.apple.com/app/blinkit/review/200178,Review 178
Good app but missing earphones. Nykaa has better personal care range. Might switch to Zepto next time.,2,2023-03-29T16:23:10+00:00,https://apps.apple.com/app/blinkit/review/200179,Review 179
Why doesn't Blinkit have notebooks? I always buy from Amazon instead.,4,2024-05-10T09:35:29+00:00,https://apps.apple.com/app/blinkit/review/200180,Review 180
Why doesn't Blinkit have vitamins? I always buy from Amazon instead. My friends feel the same.,5,2024-04-13T18:35:36+00:00,https://apps.apple.com/app/blinkit/review/200181,Review 181
I wish Blinkit had more brands in electronics. Zepto seems better for that. Might switch to Zepto next time.,3,2024-04-11T19:29:15+00:00,https://apps.apple.com/app/blinkit/review/200182,Review 182
"Blinkit pe personal care nahi milta, Amazon se order karta hoon. Been using Blinkit for two years.",4,2024-10-25T15:11:31+00:00,https://apps.apple.com/app/blinkit/review/200183,Review 183
Fast delivery for milk and bread but pet supplies selection is very limited. Noticed this after the app update.,5,2024-08-15T02:28:28+00:00,https://apps.apple.com/app/blinkit/review/200184,Review 184
"Blinkit pe health pharmacy nahi milta, Amazon se order karta hoon. Noticed this after the app update.",4,2024-10-08T17:42:26+00:00,https://apps.apple.com/app/blinkit/review/200185,Review 185
I wish Blinkit had more brands in stationery. Zepto seems better for that. Instamart has better variety lately.,5,2023-10-13T15:30:18+00:00,https://apps.apple.com/app/blinkit/review/200186,Review 186
Why doesn't Blinkit have detergent? I always buy from Amazon instead. Would buy if assortment improved.,3,2023-12-17T01:27:13+00:00,https://apps.apple.com/app/blinkit/review/200187,Review 187
Good app but missing shampoo. Nykaa has better personal care range. Happens every reorder cycle.,5,2024-12-20T06:49:44+00:00,https://apps.apple.com/app/blinkit/review/200188,Review 188
I wish Blinkit had more brands in groceries. Zepto seems better for that. Wish the homepage showed this category.,4,2025-05-15T17:09:22+00:00,https://apps.apple.com/app/blinkit/review/200189,Review 189
Why doesn't Blinkit have milk? I always buy from Amazon instead. BigBasket still wins here for me.,3,2024-02-01T02:55:36+00:00,https://apps.apple.com/app/blinkit/review/200190,Review 190
I wish Blinkit had more brands in baby care. Zepto seems better for that. Been using Blinkit for two years.,2,2024-07-30T10:46:18+00:00,https://apps.apple.com/app/blinkit/review/200191,Review 191
Blinkit is great for groceries but I never think to order electronics here. Amazon is my fallback always.,4,2024-02-22T00:58:24+00:00,https://apps.apple.com/app/blinkit/review/200192,Review 192
Good app but missing dog food. Nykaa has better personal care range. Never saw an promo for this category.,2,2023-04-24T01:35:47+00:00,https://apps.apple.com/app/blinkit/review/200193,Review 193
I wish Blinkit had more brands in electronics. Zepto seems better for that. Never saw an promo for this category.,5,2023-11-21T11:56:58+00:00,https://apps.apple.com/app/blinkit/review/200194,Review 194
Fast delivery for milk and bread but health pharmacy selection is very limited. Search never surfaces these products.,3,2023-01-24T19:40:55+00:00,https://apps.apple.com/app/blinkit/review/200195,Review 195
"Blinkit pe electronics nahi milta, Amazon se order karta hoon. Never saw an promo for this category.",5,2023-07-02T05:51:53+00:00,https://apps.apple.com/app/blinkit/review/200196,Review 196
Why doesn't Blinkit have detergent? I always buy from Amazon instead. Search never surfaces these products.,4,2023-11-14T16:48:09+00:00,https://apps.apple.com/app/blinkit/review/200197,Review 197
Didn't know Blinkit sells electronics until my friend mentioned it. Been using Blinkit for two years.,5,2024-05-14T14:40:35+00:00,https://apps.apple.com/app/blinkit/review/200198,Review 198
I wish Blinkit had more brands in groceries. Zepto seems better for that. Same thought last month.,4,2025-04-08T23:55:07+00:00,https://apps.apple.com/app/blinkit/review/200199,Review 199
Fast delivery for milk and bread but stationery selection is very limited.,4,2024-07-12T16:31:23+00:00,https://apps.apple.com/app/blinkit/review/200200,Review 200
I wish Blinkit had more brands in home essentials. Zepto seems better for that. Might switch to Zepto next time.,5,2023-06-03T04:22:52+00:00,https://apps.apple.com/app/blinkit/review/200201,Review 201
Good app but missing detergent. Nykaa has better personal care range. Might switch to Zepto next time.,5,2024-05-12T11:09:43+00:00,https://apps.apple.com/app/blinkit/review/200202,Review 202
Fast delivery for milk and bread but health pharmacy selection is very limited. Been using Blinkit for two years.,1,2024-10-05T00:26:07+00:00,https://apps.apple.com/app/blinkit/review/200203,Review 203
"Blinkit pe electronics nahi milta, Amazon se order karta hoon. Happens every reorder cycle.",1,2023-08-15T16:23:35+00:00,https://apps.apple.com/app/blinkit/review/200204,Review 204
Fast delivery for milk and bread but groceries selection is very limited. Ref 605.,2,2023-08-25T18:18:33+00:00,https://apps.apple.com/app/blinkit/review/200205,Review 205
I wish Blinkit had more brands in electronics. Zepto seems better for that. My friends feel the same.,4,2024-01-17T17:28:44+00:00,https://apps.apple.com/app/blinkit/review/200206,Review 206
Fast delivery for milk and bread but health pharmacy selection is very limited. Happens every reorder cycle.,5,2025-01-29T01:06:53+00:00,https://apps.apple.com/app/blinkit/review/200207,Review 207
I wish Blinkit had more brands in home essentials. Zepto seems better for that. Nykaa feels safer for this purchase.,5,2023-09-19T08:12:17+00:00,https://apps.apple.com/app/blinkit/review/200208,Review 208
Why doesn't Blinkit have vitamins? I always buy from Amazon instead. BigBasket still wins here for me.,5,2023-08-06T10:01:55+00:00,https://apps.apple.com/app/blinkit/review/200209,Review 209
Why doesn't Blinkit have detergent? I always buy from Amazon instead. Never saw an promo for this category.,5,2025-04-22T04:19:36+00:00,https://apps.apple.com/app/blinkit/review/200210,Review 210
Didn't know Blinkit sells pet supplies until my friend mentioned it. Instamart has better variety lately.,5,2023-02-22T13:02:27+00:00,https://apps.apple.com/app/blinkit/review/200211,Review 211
Good app but missing diapers. Nykaa has better personal care range. Nykaa feels safer for this purchase.,5,2023-03-17T08:44:51+00:00,https://apps.apple.com/app/blinkit/review/200212,Review 212
Why doesn't Blinkit have milk? I always buy from Amazon instead. Search never surfaces these products.,1,2023-12-26T12:27:44+00:00,https://apps.apple.com/app/blinkit/review/200213,Review 213
Blinkit is great for groceries but I never think to order personal care here. Would buy if assortment improved.,4,2023-12-06T18:27:37+00:00,https://apps.apple.com/app/blinkit/review/200214,Review 214
Blinkit is great for groceries but I never think to order health pharmacy here. Never saw an promo for this category.,4,2025-01-20T15:09:23+00:00,https://apps.apple.com/app/blinkit/review/200215,Review 215
Blinkit is great for groceries but I never think to order pet supplies here. Category tab feels hidden.,4,2025-04-06T18:19:10+00:00,https://apps.apple.com/app/blinkit/review/200216,Review 216
Blinkit is great for groceries but I never think to order pet supplies here. Search never surfaces these products.,5,2025-04-02T10:07:13+00:00,https://apps.apple.com/app/blinkit/review/200217,Review 217
Blinkit is great for groceries but I never think to order stationery here. Search never surfaces these products.,5,2025-02-19T03:58:14+00:00,https://apps.apple.com/app/blinkit/review/200218,Review 218
Good app but missing milk. Nykaa has better personal care range.,2,2023-10-06T11:33:08+00:00,https://apps.apple.com/app/blinkit/review/200219,Review 219
Didn't know Blinkit sells baby care until my friend mentioned it.,3,2023-08-20T07:18:02+00:00,https://apps.apple.com/app/blinkit/review/200220,Review 220
Good app but missing notebooks. Nykaa has better personal care range. Been using Blinkit for two years.,3,2024-07-04T14:31:19+00:00,https://apps.apple.com/app/blinkit/review/200221,Review 221
Blinkit is great for groceries but I never think to order groceries here. Might switch to Zepto next time.,5,2024-08-02T12:22:15+00:00,https://apps.apple.com/app/blinkit/review/200222,Review 222
Didn't know Blinkit sells home essentials until my friend mentioned it. Been using Blinkit for two years.,5,2024-01-13T19:26:50+00:00,https://apps.apple.com/app/blinkit/review/200223,Review 223
Fast delivery for milk and bread but electronics selection is very limited. Noticed this after the app update.,4,2023-05-06T05:36:59+00:00,https://apps.apple.com/app/blinkit/review/200224,Review 224
Blinkit is great for groceries but I never think to order pet supplies here. Noticed this after the app update.,4,2024-09-21T13:52:12+00:00,https://apps.apple.com/app/blinkit/review/200225,Review 225
Blinkit is great for groceries but I never think to order home essentials here. My friends feel the same.,5,2023-01-15T16:19:40+00:00,https://apps.apple.com/app/blinkit/review/200226,Review 226
I wish Blinkit had more brands in baby care. Zepto seems better for that. Ref 627.,4,2024-11-05T01:19:27+00:00,https://apps.apple.com/app/blinkit/review/200227,Review 227
Didn't know Blinkit sells health pharmacy until my friend mentioned it. Wish the homepage showed this category.,5,2023-05-29T03:20:48+00:00,https://apps.apple.com/app/blinkit/review/200228,Review 228
Why doesn't Blinkit have dog food? I always buy from Amazon instead. Wish the homepage showed this category.,5,2023-11-25T10:11:56+00:00,https://apps.apple.com/app/blinkit/review/200229,Review 229
Fast delivery for milk and bread but home essentials selection is very limited. Instamart has better variety lately.,5,2023-03-14T07:57:21+00:00,https://apps.apple.com/app/blinkit/review/200230,Review 230
Didn't know Blinkit sells stationery until my friend mentioned it. Nykaa feels safer for this purchase.,4,2025-05-25T09:10:13+00:00,https://apps.apple.com/app/blinkit/review/200231,Review 231
Good app but missing shampoo. Nykaa has better personal care range. Price seems higher than competitors.,1,2024-05-03T12:50:21+00:00,https://apps.apple.com/app/blinkit/review/200232,Review 232
Didn't know Blinkit sells electronics until my friend mentioned it. Would buy if assortment improved.,5,2023-08-12T23:51:03+00:00,https://apps.apple.com/app/blinkit/review/200233,Review 233
Blinkit is great for groceries but I never think to order groceries here. Would buy if assortment improved.,2,2024-04-09T21:51:04+00:00,https://apps.apple.com/app/blinkit/review/200234,Review 234
Didn't know Blinkit sells electronics until my friend mentioned it. Noticed this after the app update.,4,2024-08-27T12:48:35+00:00,https://apps.apple.com/app/blinkit/review/200235,Review 235
I wish Blinkit had more brands in health pharmacy. Zepto seems better for that.,5,2023-08-06T09:44:10+00:00,https://apps.apple.com/app/blinkit/review/200236,Review 236
Didn't know Blinkit sells baby care until my friend mentioned it. Category tab feels hidden.,1,2024-06-21T06:34:36+00:00,https://apps.apple.com/app/blinkit/review/200237,Review 237
Why doesn't Blinkit have milk? I always buy from Amazon instead. Price seems higher than competitors.,3,2023-04-29T02:09:56+00:00,https://apps.apple.com/app/blinkit/review/200238,Review 238
Good app but missing milk. Nykaa has better personal care range. Delivery was fine though.,1,2024-05-22T00:12:12+00:00,https://apps.apple.com/app/blinkit/review/200239,Review 239
Good app but missing notebooks. Nykaa has better personal care range. Same thought last month.,4,2024-11-30T21:43:43+00:00,https://apps.apple.com/app/blinkit/review/200240,Review 240
Didn't know Blinkit sells health pharmacy until my friend mentioned it. Delivery was fine though.,4,2024-08-06T04:55:58+00:00,https://apps.apple.com/app/blinkit/review/200241,Review 241
Blinkit is great for groceries but I never think to order groceries here. Been using Blinkit for two years.,5,2024-04-03T20:32:42+00:00,https://apps.apple.com/app/blinkit/review/200242,Review 242
Blinkit is great for groceries but I never think to order baby care here. Same thought last month.,2,2024-02-21T06:43:17+00:00,https://apps.apple.com/app/blinkit/review/200243,Review 243
"Blinkit pe personal care nahi milta, Amazon se order karta hoon. Same thought last month.",3,2024-08-28T06:09:36+00:00,https://apps.apple.com/app/blinkit/review/200244,Review 244
Blinkit is great for groceries but I never think to order baby care here. Noticed this after the app update.,5,2023-01-09T01:41:30+00:00,https://apps.apple.com/app/blinkit/review/200245,Review 245
Fast delivery for milk and bread but home essentials selection is very limited. My friends feel the same.,2,2024-02-24T01:37:19+00:00,https://apps.apple.com/app/blinkit/review/200246,Review 246
Why doesn't Blinkit have diapers? I always buy from Amazon instead. Especially in Bangalore.,4,2024-10-31T12:04:51+00:00,https://apps.apple.com/app/blinkit/review/200247,Review 247
Blinkit is great for groceries but I never think to order groceries here. Happens every reorder cycle.,2,2023-02-10T19:06:53+00:00,https://apps.apple.com/app/blinkit/review/200248,Review 248
Didn't know Blinkit sells baby care until my friend mentioned it. BigBasket still wins here for me.,5,2024-05-18T23:38:21+00:00,https://apps.apple.com/app/blinkit/review/200249,Review 249
Fast delivery for milk and bread but pet supplies selection is very limited. Never saw an promo for this category.,4,2024-10-04T19:57:27+00:00,https://apps.apple.com/app/blinkit/review/200250,Review 250
"Blinkit pe baby care nahi milta, Amazon se order karta hoon. Amazon is my fallback always.",5,2025-05-19T05:02:03+00:00,https://apps.apple.com/app/blinkit/review/200251,Review 251
Didn't know Blinkit sells electronics until my friend mentioned it. BigBasket still wins here for me.,2,2025-03-20T12:11:06+00:00,https://apps.apple.com/app/blinkit/review/200252,Review 252
Why doesn't Blinkit have milk? I always buy from Amazon instead.,3,2023-08-04T16:19:57+00:00,https://apps.apple.com/app/blinkit/review/200253,Review 253
I wish Blinkit had more brands in stationery. Zepto seems better for that. Would buy if assortment improved.,1,2023-08-15T16:50:40+00:00,https://apps.apple.com/app/blinkit/review/200254,Review 254
Fast delivery for milk and bread but groceries selection is very limited. Ref 655.,3,2024-10-16T03:49:59+00:00,https://apps.apple.com/app/blinkit/review/200255,Review 255
Fast delivery for milk and bread but baby care selection is very limited. Category tab feels hidden.,5,2024-01-27T00:02:46+00:00,https://apps.apple.com/app/blinkit/review/200256,Review 256
Didn't know Blinkit sells home essentials until my friend mentioned it. Category tab feels hidden.,4,2023-10-31T18:33:58+00:00,https://apps.apple.com/app/blinkit/review/200257,Review 257
Fast delivery for milk and bread but personal care selection is very limited. Especially in Bangalore.,5,2023-01-11T12:18:20+00:00,https://apps.apple.com/app/blinkit/review/200258,Review 258
Good app but missing vitamins. Nykaa has better personal care range. My friends feel the same.,5,2024-08-13T03:19:26+00:00,https://apps.apple.com/app/blinkit/review/200259,Review 259
I wish Blinkit had more brands in health pharmacy. Zepto seems better for that. Delivery was fine though.,4,2024-06-03T23:52:15+00:00,https://apps.apple.com/app/blinkit/review/200260,Review 260
Fast delivery for milk and bread but personal care selection is very limited. Happens every reorder cycle.,4,2024-05-13T03:15:48+00:00,https://apps.apple.com/app/blinkit/review/200261,Review 261
I wish Blinkit had more brands in electronics. Zepto seems better for that. Same thought last month.,2,2024-05-03T01:36:06+00:00,https://apps.apple.com/app/blinkit/review/200262,Review 262
Fast delivery for milk and bread but groceries selection is very limited. Ref 663.,5,2024-03-28T17:58:28+00:00,https://apps.apple.com/app/blinkit/review/200263,Review 263
Didn't know Blinkit sells home essentials until my friend mentioned it. Same thought last month.,3,2024-01-12T14:13:58+00:00,https://apps.apple.com/app/blinkit/review/200264,Review 264
Good app but missing notebooks. Nykaa has better personal care range. Noticed this after the app update.,4,2024-09-02T09:41:00+00:00,https://apps.apple.com/app/blinkit/review/200265,Review 265
Didn't know Blinkit sells electronics until my friend mentioned it. Ref 666.,2,2025-04-27T14:31:36+00:00,https://apps.apple.com/app/blinkit/review/200266,Review 266
"Blinkit pe pet supplies nahi milta, Amazon se order karta hoon. Especially in Bangalore.",5,2024-12-18T02:31:25+00:00,https://apps.apple.com/app/blinkit/review/200267,Review 267
I wish Blinkit had more brands in electronics. Zepto seems better for that. Nykaa feels safer for this purchase.,5,2024-03-28T13:36:52+00:00,https://apps.apple.com/app/blinkit/review/200268,Review 268
Good app but missing diapers. Nykaa has better personal care range. BigBasket still wins here for me.,4,2024-09-27T13:54:14+00:00,https://apps.apple.com/app/blinkit/review/200269,Review 269
"Blinkit pe personal care nahi milta, Amazon se order karta hoon. Nykaa feels safer for this purchase.",3,2024-04-15T10:25:09+00:00,https://apps.apple.com/app/blinkit/review/200270,Review 270
"Blinkit pe personal care nahi milta, Amazon se order karta hoon. Amazon is my fallback always.",5,2024-10-19T07:21:12+00:00,https://apps.apple.com/app/blinkit/review/200271,Review 271
I wish Blinkit had more brands in baby care. Zepto seems better for that. Ref 672.,4,2025-01-14T11:09:52+00:00,https://apps.apple.com/app/blinkit/review/200272,Review 272
Didn't know Blinkit sells groceries until my friend mentioned it. Category tab feels hidden.,5,2023-02-27T02:42:16+00:00,https://apps.apple.com/app/blinkit/review/200273,Review 273
"Blinkit pe health pharmacy nahi milta, Amazon se order karta hoon. Needs better in-app discovery.",4,2025-04-14T01:18:21+00:00,https://apps.apple.com/app/blinkit/review/200274,Review 274
Blinkit is great for groceries but I never think to order baby care here. Search never surfaces these products.,4,2024-01-21T14:43:16+00:00,https://apps.apple.com/app/blinkit/review/200275,Review 275
Why doesn't Blinkit have vitamins? I always buy from Amazon instead. Category tab feels hidden.,4,2023-03-10T19:30:01+00:00,https://apps.apple.com/app/blinkit/review/200276,Review 276
Good app but missing milk. Nykaa has better personal care range. Search never surfaces these products.,5,2024-05-30T02:49:15+00:00,https://apps.apple.com/app/blinkit/review/200277,Review 277
Blinkit is great for groceries but I never think to order groceries here.,2,2023-01-17T09:14:58+00:00,https://apps.apple.com/app/blinkit/review/200278,Review 278
Didn't know Blinkit sells electronics until my friend mentioned it. Ref 679.,4,2025-03-16T22:10:57+00:00,https://apps.apple.com/app/blinkit/review/200279,Review 279
I wish Blinkit had more brands in electronics. Zepto seems better for that.,4,2024-08-04T04:11:18+00:00,https://apps.apple.com/app/blinkit/review/200280,Review 280
Fast delivery for milk and bread but personal care selection is very limited. Wish the homepage showed this category.,4,2023-02-08T03:45:43+00:00,https://apps.apple.com/app/blinkit/review/200281,Review 281
I wish Blinkit had more brands in stationery. Zepto seems better for that. Might switch to Zepto next time.,2,2023-05-14T08:53:56+00:00,https://apps.apple.com/app/blinkit/review/200282,Review 282
Fast delivery for milk and bread but personal care selection is very limited. BigBasket still wins here for me.,3,2024-04-29T12:06:53+00:00,https://apps.apple.com/app/blinkit/review/200283,Review 283
Didn't know Blinkit sells electronics until my friend mentioned it. Ref 684.,3,2025-01-20T04:47:10+00:00,https://apps.apple.com/app/blinkit/review/200284,Review 284
I wish Blinkit had more brands in baby care. Zepto seems better for that. Ref 685.,3,2024-12-03T20:27:14+00:00,https://apps.apple.com/app/blinkit/review/200285,Review 285
Blinkit is great for groceries but I never think to order stationery here. My friends feel the same.,1,2023-06-28T18:41:23+00:00,https://apps.apple.com/app/blinkit/review/200286,Review 286
"Blinkit pe health pharmacy nahi milta, Amazon se order karta hoon. Wish the homepage showed this category.",4,2023-06-19T21:20:10+00:00,https://apps.apple.com/app/blinkit/review/200287,Review 287
"Blinkit pe personal care nahi milta, Amazon se order karta hoon. Happens every reorder cycle.",4,2024-01-14T21:44:01+00:00,https://apps.apple.com/app/blinkit/review/200288,Review 288
Fast delivery for milk and bread but personal care selection is very limited. Nykaa feels safer for this purchase.,4,2025-05-19T16:40:54+00:00,https://apps.apple.com/app/blinkit/review/200289,Review 289
Why doesn't Blinkit have detergent? I always buy from Amazon instead. Price seems higher than competitors.,4,2024-09-21T05:15:46+00:00,https://apps.apple.com/app/blinkit/review/200290,Review 290
"Blinkit pe personal care nahi milta, Amazon se order karta hoon. Needs better in-app discovery.",4,2024-11-02T07:08:24+00:00,https://apps.apple.com/app/blinkit/review/200291,Review 291
I wish Blinkit had more brands in electronics. Zepto seems better for that. Amazon is my fallback always.,4,2024-10-29T06:53:26+00:00,https://apps.apple.com/app/blinkit/review/200292,Review 292
Why doesn't Blinkit have earphones? I always buy from Amazon instead. Amazon is my fallback always.,5,2024-03-08T09:26:50+00:00,https://apps.apple.com/app/blinkit/review/200293,Review 293
Didn't know Blinkit sells baby care until my friend mentioned it. Search never surfaces these products.,5,2023-06-08T01:35:28+00:00,https://apps.apple.com/app/blinkit/review/200294,Review 294
Fast delivery for milk and bread but personal care selection is very limited. Amazon is my fallback always.,2,2024-05-21T09:35:54+00:00,https://apps.apple.com/app/blinkit/review/200295,Review 295
Fast delivery for milk and bread but baby care selection is very limited. Might switch to Zepto next time.,4,2025-01-30T09:17:07+00:00,https://apps.apple.com/app/blinkit/review/200296,Review 296
Didn't know Blinkit sells health pharmacy until my friend mentioned it. Category tab feels hidden.,4,2024-08-26T17:31:18+00:00,https://apps.apple.com/app/blinkit/review/200297,Review 297
Fast delivery for milk and bread but baby care selection is very limited. Same thought last month.,5,2024-06-30T18:56:56+00:00,https://apps.apple.com/app/blinkit/review/200298,Review 298
Good app but missing shampoo. Nykaa has better personal care range. Might switch to Zepto next time.,5,2024-04-07T01:32:49+00:00,https://apps.apple.com/app/blinkit/review/200299,Review 299
"Blinkit pe baby care nahi milta, Amazon se order karta hoon.",3,2023-07-28T01:56:05+00:00,https://apps.apple.com/app/blinkit/review/200300,Review 300
Fast delivery for milk and bread but electronics selection is very limited. Happens every reorder cycle.,2,2023-07-01T16:10:16+00:00,https://apps.apple.com/app/blinkit/review/200301,Review 301
Didn't know Blinkit sells personal care until my friend mentioned it. Might switch to Zepto next time.,4,2024-08-26T10:57:37+00:00,https://apps.apple.com/app/blinkit/review/200302,Review 302
Didn't know Blinkit sells personal care until my friend mentioned it. Wish the homepage showed this category.,4,2024-08-19T01:44:39+00:00,https://apps.apple.com/app/blinkit/review/200303,Review 303
"Blinkit pe home essentials nahi milta, Amazon se order karta hoon. Happens every reorder cycle.",4,2025-04-14T18:57:04+00:00,https://apps.apple.com/app/blinkit/review/200304,Review 304
Didn't know Blinkit sells personal care until my friend mentioned it. BigBasket still wins here for me.,4,2023-09-17T05:11:51+00:00,https://apps.apple.com/app/blinkit/review/200305,Review 305
Why doesn't Blinkit have shampoo? I always buy from Amazon instead. My friends feel the same.,5,2024-05-03T16:23:34+00:00,https://apps.apple.com/app/blinkit/review/200306,Review 306
Good app but missing dog food. Nykaa has better personal care range. Category tab feels hidden.,5,2024-07-11T17:57:01+00:00,https://apps.apple.com/app/blinkit/review/200307,Review 307
Why doesn't Blinkit have detergent? I always buy from Amazon instead.,5,2023-10-31T02:55:02+00:00,https://apps.apple.com/app/blinkit/review/200308,Review 308
I wish Blinkit had more brands in home essentials. Zepto seems better for that. Amazon is my fallback always.,4,2025-02-02T20:52:10+00:00,https://apps.apple.com/app/blinkit/review/200309,Review 309
I wish Blinkit had more brands in home essentials. Zepto seems better for that. Would buy if assortment improved.,2,2023-09-17T19:39:43+00:00,https://apps.apple.com/app/blinkit/review/200310,Review 310
Good app but missing dog food. Nykaa has better personal care range. Search never surfaces these products.,3,2023-12-09T13:56:09+00:00,https://apps.apple.com/app/blinkit/review/200311,Review 311
Why doesn't Blinkit have notebooks? I always buy from Amazon instead. Nykaa feels safer for this purchase.,3,2025-04-15T03:30:07+00:00,https://apps.apple.com/app/blinkit/review/200312,Review 312
Didn't know Blinkit sells home essentials until my friend mentioned it. Amazon is my fallback always.,4,2025-02-08T10:37:11+00:00,https://apps.apple.com/app/blinkit/review/200313,Review 313
Didn't know Blinkit sells baby care until my friend mentioned it. Price seems higher than competitors.,3,2023-06-27T09:55:57+00:00,https://apps.apple.com/app/blinkit/review/200314,Review 314
Didn't know Blinkit sells health pharmacy until my friend mentioned it. Never saw an promo for this category.,5,2023-03-06T15:21:09+00:00,https://apps.apple.com/app/blinkit/review/200315,Review 315
Didn't know Blinkit sells home essentials until my friend mentioned it. Never saw an promo for this category.,5,2023-12-06T11:50:01+00:00,https://apps.apple.com/app/blinkit/review/200316,Review 316
"Blinkit pe baby care nahi milta, Amazon se order karta hoon. Category tab feels hidden.",3,2024-01-20T12:38:52+00:00,https://apps.apple.com/app/blinkit/review/200317,Review 317
I wish Blinkit had more brands in pet supplies. Zepto seems better for that.,3,2024-02-13T06:27:42+00:00,https://apps.apple.com/app/blinkit/review/200318,Review 318
I wish Blinkit had more brands in baby care. Zepto seems better for that. Ref 719.,5,2023-07-02T08:28:05+00:00,https://apps.apple.com/app/blinkit/review/200319,Review 319
Why doesn't Blinkit have earphones? I always buy from Amazon instead.,5,2024-06-28T16:27:54+00:00,https://apps.apple.com/app/blinkit/review/200320,Review 320
Why doesn't Blinkit have milk? I always buy from Amazon instead. Might switch to Zepto next time.,5,2023-08-05T07:03:20+00:00,https://apps.apple.com/app/blinkit/review/200321,Review 321
Good app but missing earphones. Nykaa has better personal care range. Been using Blinkit for two years.,4,2023-04-03T05:01:13+00:00,https://apps.apple.com/app/blinkit/review/200322,Review 322
Didn't know Blinkit sells stationery until my friend mentioned it. Same thought last month.,2,2025-04-16T22:44:50+00:00,https://apps.apple.com/app/blinkit/review/200323,Review 323
Fast delivery for milk and bread but stationery selection is very limited. Same thought last month.,5,2024-02-20T07:16:18+00:00,https://apps.apple.com/app/blinkit/review/200324,Review 324
Why doesn't Blinkit have diapers? I always buy from Amazon instead. My friends feel the same.,5,2024-10-01T09:25:09+00:00,https://apps.apple.com/app/blinkit/review/200325,Review 325
Good app but missing notebooks. Nykaa has better personal care range. My friends feel the same.,5,2023-07-17T02:44:01+00:00,https://apps.apple.com/app/blinkit/review/200326,Review 326
Why doesn't Blinkit have shampoo? I always buy from Amazon instead. Especially in Bangalore.,5,2023-08-16T04:21:02+00:00,https://apps.apple.com/app/blinkit/review/200327,Review 327
Good app but missing earphones. Nykaa has better personal care range. Nykaa feels safer for this purchase.,4,2024-09-02T00:56:42+00:00,https://apps.apple.com/app/blinkit/review/200328,Review 328
"Blinkit pe stationery nahi milta, Amazon se order karta hoon. Needs better in-app discovery.",4,2024-10-05T11:25:50+00:00,https://apps.apple.com/app/blinkit/review/200329,Review 329
"Blinkit pe baby care nahi milta, Amazon se order karta hoon. BigBasket still wins here for me.",4,2023-05-25T14:49:30+00:00,https://apps.apple.com/app/blinkit/review/200330,Review 330
"Blinkit pe stationery nahi milta, Amazon se order karta hoon.",4,2024-07-27T07:58:14+00:00,https://apps.apple.com/app/blinkit/review/200331,Review 331
Fast delivery for milk and bread but home essentials selection is very limited. Nykaa feels safer for this purchase.,5,2023-01-04T20:12:11+00:00,https://apps.apple.com/app/blinkit/review/200332,Review 332
"Blinkit pe baby care nahi milta, Amazon se order karta hoon. Would buy if assortment improved.",4,2024-12-13T04:13:37+00:00,https://apps.apple.com/app/blinkit/review/200333,Review 333
Good app but missing vitamins. Nykaa has better personal care range. Would buy if assortment improved.,5,2023-04-09T09:08:20+00:00,https://apps.apple.com/app/blinkit/review/200334,Review 334
Why doesn't Blinkit have milk? I always buy from Amazon instead. My friends feel the same.,5,2024-10-29T10:15:20+00:00,https://apps.apple.com/app/blinkit/review/200335,Review 335
Fast delivery for milk and bread but home essentials selection is very limited. Might switch to Zepto next time.,5,2024-05-16T13:17:06+00:00,https://apps.apple.com/app/blinkit/review/200336,Review 336
Didn't know Blinkit sells health pharmacy until my friend mentioned it. Search never surfaces these products.,4,2023-07-22T20:54:23+00:00,https://apps.apple.com/app/blinkit/review/200337,Review 337
Good app but missing detergent. Nykaa has better personal care range. Search never surfaces these products.,5,2024-06-17T23:32:30+00:00,https://apps.apple.com/app/blinkit/review/200338,Review 338
Blinkit is great for groceries but I never think to order pet supplies here.,4,2023-06-04T16:24:55+00:00,https://apps.apple.com/app/blinkit/review/200339,Review 339
Blinkit is great for groceries but I never think to order home essentials here.,5,2023-07-12T23:53:51+00:00,https://apps.apple.com/app/blinkit/review/200340,Review 340
I wish Blinkit had more brands in personal care. Zepto seems better for that. Delivery was fine though.,1,2024-12-10T04:13:47+00:00,https://apps.apple.com/app/blinkit/review/200341,Review 341
Why doesn't Blinkit have milk? I always buy from Amazon instead. Especially in Bangalore.,5,2023-07-24T22:04:34+00:00,https://apps.apple.com/app/blinkit/review/200342,Review 342
Why doesn't Blinkit have notebooks? I always buy from Amazon instead. Happens every reorder cycle.,2,2024-03-01T16:11:09+00:00,https://apps.apple.com/app/blinkit/review/200343,Review 343
Fast delivery for milk and bread but health pharmacy selection is very limited. Noticed this after the app update.,4,2023-05-09T00:51:36+00:00,https://apps.apple.com/app/blinkit/review/200344,Review 344
Blinkit is great for groceries but I never think to order personal care here. Wish the homepage showed this category.,4,2024-09-07T16:41:04+00:00,https://apps.apple.com/app/blinkit/review/200345,Review 345
I wish Blinkit had more brands in electronics. Zepto seems better for that. Especially in Bangalore.,5,2023-05-22T16:09:07+00:00,https://apps.apple.com/app/blinkit/review/200346,Review 346
Why doesn't Blinkit have dog food? I always buy from Amazon instead. Especially in Bangalore.,1,2025-01-10T16:38:33+00:00,https://apps.apple.com/app/blinkit/review/200347,Review 347
Didn't know Blinkit sells electronics until my friend mentioned it. Ref 748.,1,2024-11-22T09:17:45+00:00,https://apps.apple.com/app/blinkit/review/200348,Review 348
Good app but missing vitamins. Nykaa has better personal care range. Nykaa feels safer for this purchase.,5,2023-07-07T08:03:43+00:00,https://apps.apple.com/app/blinkit/review/200349,Review 349
