review_text,score,at,review_url,user_name
Blinkit is great for groceries but I never think to order baby care here.,3,2024-03-03T05:50:10+00:00,https://play.google.com/store/apps/details/review/100000,user_0
"Blinkit pe personal care nahi milta, Amazon se order karta hoon. Delivery was fine though.",4,2023-06-09T05:17:49+00:00,https://play.google.com/store/apps/details/review/100001,user_1
Didn't know Blinkit sells baby care until my friend mentioned it. Might switch to Zepto next time.,1,2024-10-17T10:23:08+00:00,https://play.google.com/store/apps/details/review/100002,user_2
Why doesn't Blinkit have diapers? I always buy from Amazon instead. Been using Blinkit for two years.,4,2023-12-28T10:13:36+00:00,https://play.google.com/store/apps/details/review/100003,user_3
Didn't know Blinkit sells pet supplies until my friend mentioned it. Same thought last month.,5,2023-11-05T21:12:17+00:00,https://play.google.com/store/apps/details/review/100004,user_4
Why doesn't Blinkit have milk? I always buy from Amazon instead. Noticed this after the app update.,4,2024-11-28T19:43:37+00:00,https://play.google.com/store/apps/details/review/100005,user_5
Good app but missing dog food. Nykaa has better personal care range. My friends feel the same.,4,2023-09-06T00:31:50+00:00,https://play.google.com/store/apps/details/review/100006,user_6
Fast delivery for milk and bread but health pharmacy selection is very limited. Especially in Bangalore.,3,2023-08-30T12:41:45+00:00,https://play.google.com/store/apps/details/review/100007,user_7
Blinkit is great for groceries but I never think to order health pharmacy here. Happens every reorder cycle.,4,2023-05-25T01:48:56+00:00,https://play.google.com/store/apps/details/review/100008,user_8
Good app but missing vitamins. Nykaa has better personal care range. Wish the homepage showed this category.,4,2024-06-18T07:35:55+00:00,https://play.google.com/store/apps/details/review/100009,user_9
"Blinkit pe pet supplies nahi milta, Amazon se order karta hoon. BigBasket still wins here for me.",4,2024-12-14T16:36:03+00:00,https://play.google.com/store/apps/details/review/100010,user_10
Blinkit is great for groceries but I never think to order groceries here. Instamart has better variety lately.,3,2025-05-07T13:33:59+00:00,https://play.google.com/store/apps/details/review/100011,user_11
Didn't know Blinkit sells health pharmacy until my friend mentioned it. Nykaa feels safer for this purchase.,5,2023-10-26T17:02:17+00:00,https://play.google.com/store/apps/details/review/100012,user_12
"Blinkit pe pet supplies nahi milta, Amazon se order karta hoon. Amazon is my fallback always.",5,2023-12-21T00:39:48+00:00,https://play.google.com/store/apps/details/review/100013,user_13
Good app but missing diapers. Nykaa has better personal care range. Would buy if assortment improved.,5,2023-12-28T15:04:23+00:00,https://play.google.com/store/apps/details/review/100014,user_14
Fast delivery for milk and bread but groceries selection is very limited. Needs better in-app discovery.,4,2024-12-05T08:21:40+00:00,https://play.google.com/store/apps/details/review/100015,user_15
Why doesn't Blinkit have vitamins? I always buy from Amazon instead. Never saw an promo for this category.,4,2024-07-29T01:20:48+00:00,https://play.google.com/store/apps/details/review/100016,user_16
"Blinkit pe stationery nahi milta, Amazon se order karta hoon. Category tab feels hidden.",4,2023-04-21T22:04:42+00:00,https://play.google.com/store/apps/details/review/100017,user_17
Didn't know Blinkit sells personal care until my friend mentioned it. Search never surfaces these products.,2,2024-01-16T07:12:46+00:00,https://play.google.com/store/apps/details/review/100018,user_18
Fast delivery for milk and bread but groceries selection is very limited. Price seems higher than competitors.,3,2025-05-15T04:35:29+00:00,https://play.google.com/store/apps/details/review/100019,user_19
Good app but missing vitamins. Nykaa has better personal care range.,3,2023-03-28T21:31:04+00:00,https://play.google.com/store/apps/details/review/100020,user_20
Good app but missing dog food. Nykaa has better personal care range. Delivery was fine though.,4,2024-05-05T00:56:31+00:00,https://play.google.com/store/apps/details/review/100021,user_21
Why doesn't Blinkit have diapers? I always buy from Amazon instead. Might switch to Zepto next time.,5,2025-05-31T02:00:17+00:00,https://play.google.com/store/apps/details/review/100022,user_22
Why doesn't Blinkit have vitamins? I always buy from Amazon instead. Been using Blinkit for two years.,4,2025-02-14T12:41:25+00:00,https://play.google.com/store/apps/details/review/100023,user_23
Why doesn't Blinkit have detergent? I always buy from Amazon instead. Same thought last month.,2,2024-02-16T11:26:54+00:00,https://play.google.com/store/apps/details/review/100024,user_24
"Blinkit pe stationery nahi milta, Amazon se order karta hoon. Noticed this after the app update.",5,2024-10-27T13:10:14+00:00,https://play.google.com/store/apps/details/review/100025,user_25
Fast delivery for milk and bread but groceries selection is very limited. My friends feel the same.,5,2023-12-07T16:52:13+00:00,https://play.google.com/store/apps/details/review/100026,user_26
Didn't know Blinkit sells personal care until my friend mentioned it. Especially in Bangalore.,2,2025-02-05T15:36:14+00:00,https://play.google.com/store/apps/details/review/100027,user_27
Good app but missing dog food. Nykaa has better personal care range. Happens every reorder cycle.,2,2023-06-20T08:00:57+00:00,https://play.google.com/store/apps/details/review/100028,user_28
Good app but missing shampoo. Nykaa has better personal care range. Wish the homepage showed this category.,4,2024-10-17T19:15:51+00:00,https://play.google.com/store/apps/details/review/100029,user_29
I wish Blinkit had more brands in groceries. Zepto seems better for that. BigBasket still wins here for me.,4,2024-12-28T02:09:52+00:00,https://play.google.com/store/apps/details/review/100030,user_30
"Blinkit pe pet supplies nahi milta, Amazon se order karta hoon. Instamart has better variety lately.",4,2023-06-27T22:47:54+00:00,https://play.google.com/store/apps/details/review/100031,user_31
Good app but missing notebooks. Nykaa has better personal care range. Nykaa feels safer for this purchase.,2,2024-06-12T10:39:39+00:00,https://play.google.com/store/apps/details/review/100032,user_32
Why doesn't Blinkit have milk? I always buy from Amazon instead. Amazon is my fallback always.,1,2024-12-05T20:02:45+00:00,https://play.google.com/store/apps/details/review/100033,user_33
Didn't know Blinkit sells stationery until my friend mentioned it. Would buy if assortment improved.,4,2023-10-05T12:37:29+00:00,https://play.google.com/store/apps/details/review/100034,user_34
Good app but missing diapers. Nykaa has better personal care range. Needs better in-app discovery.,5,2024-04-08T14:49:41+00:00,https://play.google.com/store/apps/details/review/100035,user_35
Why doesn't Blinkit have earphones? I always buy from Amazon instead. Never saw an promo for this category.,5,2024-08-03T20:31:07+00:00,https://play.google.com/store/apps/details/review/100036,user_36
Didn't know Blinkit sells pet supplies until my friend mentioned it. Category tab feels hidden.,4,2024-05-18T13:24:49+00:00,https://play.google.com/store/apps/details/review/100037,user_37
Fast delivery for milk and bread but baby care selection is very limited. Search never surfaces these products.,3,2024-04-22T16:57:27+00:00,https://play.google.com/store/apps/details/review/100038,user_38
Didn't know Blinkit sells electronics until my friend mentioned it. Price seems higher than competitors.,2,2023-05-03T08:16:32+00:00,https://play.google.com/store/apps/details/review/100039,user_39
Good app but missing detergent. Nykaa has better personal care range.,5,2023-04-18T12:25:46+00:00,https://play.google.com/store/apps/details/review/100040,user_40
Why doesn't Blinkit have shampoo? I always buy from Amazon instead. Delivery was fine though.,5,2025-01-08T07:48:40+00:00,https://play.google.com/store/apps/details/review/100041,user_41
Fast delivery for milk and bread but personal care selection is very limited. Might switch to Zepto next time.,5,2025-03-30T17:06:16+00:00,https://play.google.com/store/apps/details/review/100042,user_42
Why doesn't Blinkit have milk? I always buy from Amazon instead. Been using Blinkit for two years.,5,2025-04-17T18:24:55+00:00,https://play.google.com/store/apps/details/review/100043,user_43
"Blinkit pe electronics nahi milta, Amazon se order karta hoon. Same thought last month.",4,2024-04-29T05:37:32+00:00,https://play.google.com/store/apps/details/review/100044,user_44
I wish Blinkit had more brands in health pharmacy. Zepto seems better for that. Noticed this after the app update.,4,2025-03-15T00:37:33+00:00,https://play.google.com/store/apps/details/review/100045,user_45
Why doesn't Blinkit have earphones? I always buy from Amazon instead. My friends feel the same.,3,2023-04-10T11:03:30+00:00,https://play.google.com/store/apps/details/review/100046,user_46
Didn't know Blinkit sells electronics until my friend mentioned it. Especially in Bangalore.,1,2023-12-09T02:17:57+00:00,https://play.google.com/store/apps/details/review/100047,user_47
Why doesn't Blinkit have dog food? I always buy from Amazon instead. Happens every reorder cycle.,5,2023-04-15T16:51:58+00:00,https://play.google.com/store/apps/details/review/100048,user_48
Blinkit is great for groceries but I never think to order health pharmacy here. Wish the homepage showed this category.,3,2025-03-09T17:07:46+00:00,https://play.google.com/store/apps/details/review/100049,user_49
Why doesn't Blinkit have detergent? I always buy from Amazon instead. BigBasket still wins here for me.,2,2025-04-17T16:05:53+00:00,https://play.google.com/store/apps/details/review/100050,user_50
Why doesn't Blinkit have detergent? I always buy from Amazon instead. Instamart has better variety lately.,5,2025-01-04T17:42:33+00:00,https://play.google.com/store/apps/details/review/100051,user_51
Blinkit is great for groceries but I never think to order electronics here. Nykaa feels safer for this purchase.,4,2023-05-31T13:50:33+00:00,https://play.google.com/store/apps/details/review/100052,user_52
I wish Blinkit had more brands in health pharmacy. Zepto seems better for that. Amazon is my fallback always.,4,2024-09-30T15:00:13+00:00,https://play.google.com/store/apps/details/review/100053,user_53
"Blinkit pe pet supplies nahi milta, Amazon se order karta hoon. Would buy if assortment improved.",1,2023-06-02T21:17:03+00:00,https://play.google.com/store/apps/details/review/100054,user_54
Good app but missing vitamins. Nykaa has better personal care range. Needs better in-app discovery.,3,2023-06-19T17:50:41+00:00,https://play.google.com/store/apps/details/review/100055,user_55
Didn't know Blinkit sells electronics until my friend mentioned it. Never saw an promo for this category.,2,2024-11-27T21:31:31+00:00,https://play.google.com/store/apps/details/review/100056,user_56
Fast delivery for milk and bread but personal care selection is very limited. Category tab feels hidden.,3,2024-12-19T16:01:28+00:00,https://play.google.com/store/apps/details/review/100057,user_57
I wish Blinkit had more brands in baby care. Zepto seems better for that. Search never surfaces these products.,2,2025-05-04T21:36:53+00:00,https://play.google.com/store/apps/details/review/100058,user_58
Blinkit is great for groceries but I never think to order pet supplies here. Price seems higher than competitors.,2,2024-01-03T04:51:58+00:00,https://play.google.com/store/apps/details/review/100059,user_59
I wish Blinkit had more brands in home essentials. Zepto seems better for that.,5,2023-11-29T01:04:36+00:00,https://play.google.com/store/apps/details/review/100060,user_60
Why doesn't Blinkit have dog food? I always buy from Amazon instead. Delivery was fine though.,1,2024-08-11T17:08:31+00:00,https://play.google.com/store/apps/details/review/100061,user_61
Fast delivery for milk and bread but groceries selection is very limited. Might switch to Zepto next time.,3,2024-12-07T19:56:29+00:00,https://play.google.com/store/apps/details/review/100062,user_62
Why doesn't Blinkit have detergent? I always buy from Amazon instead. Been using Blinkit for two years.,3,2023-10-22T23:54:20+00:00,https://play.google.com/store/apps/details/review/100063,user_63
Didn't know Blinkit sells pet supplies until my friend mentioned it. Noticed this after the app update.,1,2025-04-22T06:30:08+00:00,https://play.google.com/store/apps/details/review/100064,user_64
Blinkit is great for groceries but I never think to order health pharmacy here. Noticed this after the app update.,4,2023-03-19T21:26:30+00:00,https://play.google.com/store/apps/details/review/100065,user_65
Blinkit is great for groceries but I never think to order personal care here. My friends feel the same.,2,2025-02-27T21:13:07+00:00,https://play.google.com/store/apps/details/review/100066,user_66
Blinkit is great for groceries but I never think to order personal care here. Especially in Bangalore.,4,2023-04-16T13:45:52+00:00,https://play.google.com/store/apps/details/review/100067,user_67
I wish Blinkit had more brands in electronics. Zepto seems better for that. Happens every reorder cycle.,5,2023-07-06T05:41:48+00:00,https://play.google.com/store/apps/details/review/100068,user_68
Didn't know Blinkit sells electronics until my friend mentioned it. Wish the homepage showed this category.,4,2023-03-03T17:40:35+00:00,https://play.google.com/store/apps/details/review/100069,user_69
"Blinkit pe groceries nahi milta, Amazon se order karta hoon. BigBasket still wins here for me.",4,2025-05-28T01:11:13+00:00,https://play.google.com/store/apps/details/review/100070,user_70
Why doesn't Blinkit have notebooks? I always buy from Amazon instead. Instamart has better variety lately.,3,2024-05-03T01:37:24+00:00,https://play.google.com/store/apps/details/review/100071,user_71
Why doesn't Blinkit have milk? I always buy from Amazon instead. Nykaa feels safer for this purchase.,4,2024-04-11T00:42:06+00:00,https://play.google.com/store/apps/details/review/100072,user_72
Blinkit is great for groceries but I never think to order baby care here. Amazon is my fallback always.,4,2024-12-12T22:07:21+00:00,https://play.google.com/store/apps/details/review/100073,user_73
Blinkit is great for groceries but I never think to order baby care here. Would buy if assortment improved.,3,2025-04-15T04:27:48+00:00,https://play.google.com/store/apps/details/review/100074,user_74
Why doesn't Blinkit have notebooks? I always buy from Amazon instead. Needs better in-app discovery.,5,2024-06-26T03:59:32+00:00,https://play.google.com/store/apps/details/review/100075,user_75
Fast delivery for milk and bread but electronics selection is very limited. Never saw an promo for this category.,2,2024-03-18T17:06:00+00:00,https://play.google.com/store/apps/details/review/100076,user_76
Didn't know Blinkit sells stationery until my friend mentioned it. Category tab feels hidden.,1,2025-04-01T16:20:18+00:00,https://play.google.com/store/apps/details/review/100077,user_77
"Blinkit pe stationery nahi milta, Amazon se order karta hoon. Search never surfaces these products.",5,2023-06-10T21:59:04+00:00,https://play.google.com/store/apps/details/review/100078,user_78
Fast delivery for milk and bread but personal care selection is very limited. Price seems higher than competitors.,5,2023-06-29T07:29:33+00:00,https://play.google.com/store/apps/details/review/100079,user_79
Fast delivery for milk and bread but personal care selection is very limited.,4,2024-03-13T16:38:06+00:00,https://play.google.com/store/apps/details/review/100080,user_80
Why doesn't Blinkit have vitamins? I always buy from Amazon instead. Delivery was fine though.,4,2024-02-15T02:01:59+00:00,https://play.google.com/store/apps/details/review/100081,user_81
Good app but missing notebooks. Nykaa has better personal care range. Might switch to Zepto next time.,2,2023-03-20T21:55:12+00:00,https://play.google.com/store/apps/details/review/100082,user_82
Good app but missing milk. Nykaa has better personal care range. Been using Blinkit for two years.,1,2024-03-05T19:23:11+00:00,https://play.google.com/store/apps/details/review/100083,user_83
Good app but missing vitamins. Nykaa has better personal care range. Same thought last month.,4,2023-07-23T05:18:37+00:00,https://play.google.com/store/apps/details/review/100084,user_84
Why doesn't Blinkit have notebooks? I always buy from Amazon instead. Noticed this after the app update.,4,2024-11-17T08:49:18+00:00,https://play.google.com/store/apps/details/review/100085,user_85
Didn't know Blinkit sells groceries until my friend mentioned it. My friends feel the same.,2,2023-01-16T00:30:45+00:00,https://play.google.com/store/apps/details/review/100086,user_86
Didn't know Blinkit sells personal care until my friend mentioned it. Happens every reorder cycle.,5,2023-02-25T23:13:34+00:00,https://play.google.com/store/apps/details/review/100087,user_87
I wish Blinkit had more brands in personal care. Zepto seems better for that. Happens every reorder cycle.,1,2023-07-17T23:30:48+00:00,https://play.google.com/store/apps/details/review/100088,user_88
Good app but missing vitamins. Nykaa has better personal care range. BigBasket still wins here for me.,5,2023-03-03T23:23:19+00:00,https://play.google.com/store/apps/details/review/100089,user_89
"Blinkit pe electronics nahi milta, Amazon se order karta hoon. BigBasket still wins here for me.",4,2024-01-23T15:08:34+00:00,https://play.google.com/store/apps/details/review/100090,user_90
Good app but missing vitamins. Nykaa has better personal care range. Instamart has better variety lately.,5,2025-05-19T17:58:13+00:00,https://play.google.com/store/apps/details/review/100091,user_91
Didn't know Blinkit sells groceries until my friend mentioned it. Nykaa feels safer for this purchase.,5,2023-08-29T02:09:57+00:00,https://play.google.com/store/apps/details/review/100092,user_92
Good app but missing earphones. Nykaa has better personal care range. Amazon is my fallback always.,5,2023-09-10T10:30:17+00:00,https://play.google.com/store/apps/details/review/100093,user_93
I wish Blinkit had more brands in personal care. Zepto seems better for that. Would buy if assortment improved.,2,2023-02-08T12:06:09+00:00,https://play.google.com/store/apps/details/review/100094,user_94
Good app but missing vitamins. Nykaa has better personal care range. Never saw an promo for this category.,5,2024-10-01T13:46:45+00:00,https://play.google.com/store/apps/details/review/100095,user_95
Fast delivery for milk and bread but electronics selection is very limited. Category tab feels hidden.,5,2023-09-05T07:19:32+00:00,https://play.google.com/store/apps/details/review/100096,user_96
I wish Blinkit had more brands in baby care. Zepto seems better for that. Category tab feels hidden.,5,2023-03-02T03:45:28+00:00,https://play.google.com/store/apps/details/review/100097,user_97
Why doesn't Blinkit have earphones? I always buy from Amazon instead. Search never surfaces these products.,3,2024-12-16T01:20:54+00:00,https://play.google.com/store/apps/details/review/100098,user_98
Why doesn't Blinkit have earphones? I always buy from Amazon instead. Price seems higher than competitors.,4,2023-02-06T18:16:26+00:00,https://play.google.com/store/apps/details/review/100099,user_99
Fast delivery for milk and bread but groceries selection is very limited.,5,2024-03-08T19:04:29+00:00,https://play.google.com/store/apps/details/review/100100,user_100
Fast delivery for milk and bread but stationery selection is very limited. Delivery was fine though.,4,2025-03-02T08:01:12+00:00,https://play.google.com/store/apps/details/review/100101,user_101
Blinkit is great for groceries but I never think to order health pharmacy here. Might switch to Zepto next time.,5,2023-06-29T04:15:07+00:00,https://play.google.com/store/apps/details/review/100102,user_102
Why doesn't Blinkit have notebooks? I always buy from Amazon instead. Been using Blinkit for two years.,1,2024-02-17T09:18:12+00:00,https://play.google.com/store/apps/details/review/100103,user_103
Fast delivery for milk and bread but groceries selection is very limited. Same thought last month.,4,2024-05-02T06:44:16+00:00,https://play.google.com/store/apps/details/review/100104,user_104
I wish Blinkit had more brands in baby care. Zepto seems better for that. Noticed this after the app update.,3,2023-10-23T06:39:01+00:00,https://play.google.com/store/apps/details/review/100105,user_105
Blinkit is great for groceries but I never think to order groceries here. My friends feel the same.,5,2025-03-18T16:02:07+00:00,https://play.google.com/store/apps/details/review/100106,user_106
Fast delivery for milk and bread but electronics selection is very limited. Especially in Bangalore.,1,2024-10-31T23:55:57+00:00,https://play.google.com/store/apps/details/review/100107,user_107
Didn't know Blinkit sells health pharmacy until my friend mentioned it. Happens every reorder cycle.,4,2024-05-02T15:37:24+00:00,https://play.google.com/store/apps/details/review/100108,user_108
"Blinkit pe baby care nahi milta, Amazon se order karta hoon. Wish the homepage showed this category.",4,2024-04-11T12:49:32+00:00,https://play.google.com/store/apps/details/review/100109,user_109
Fast delivery for milk and bread but groceries selection is very limited. BigBasket still wins here for me.,4,2024-09-17T02:34:25+00:00,https://play.google.com/store/apps/details/review/100110,user_110
Why doesn't Blinkit have shampoo? I always buy from Amazon instead. Instamart has better variety lately.,4,2024-10-15T03:22:31+00:00,https://play.google.com/store/apps/details/review/100111,user_111
"Blinkit pe groceries nahi milta, Amazon se order karta hoon. Nykaa feels safer for this purchase.",4,2023-09-28T08:12:34+00:00,https://play.google.com/store/apps/details/review/100112,user_112
I wish Blinkit had more brands in stationery. Zepto seems better for that. Amazon is my fallback always.,5,2025-05-01T04:34:47+00:00,https://play.google.com/store/apps/details/review/100113,user_113
Fast delivery for milk and bread but stationery selection is very limited. Would buy if assortment improved.,4,2023-11-23T12:10:42+00:00,https://play.google.com/store/apps/details/review/100114,user_114
I wish Blinkit had more brands in health pharmacy. Zepto seems better for that. Needs better in-app discovery.,4,2024-11-17T06:58:35+00:00,https://play.google.com/store/apps/details/review/100115,user_115
Didn't know Blinkit sells electronics until my friend mentioned it. Category tab feels hidden.,5,2025-01-05T01:39:34+00:00,https://play.google.com/store/apps/details/review/100116,user_116
"Blinkit pe personal care nahi milta, Amazon se order karta hoon. Category tab feels hidden.",3,2023-05-12T17:24:24+00:00,https://play.google.com/store/apps/details/review/100117,user_117
Blinkit is great for groceries but I never think to order health pharmacy here. Search never surfaces these products.,4,2023-12-31T20:32:09+00:00,https://play.google.com/store/apps/details/review/100118,user_118
Good app but missing earphones. Nykaa has better personal care range. Price seems higher than competitors.,2,2023-11-06T08:06:07+00:00,https://play.google.com/store/apps/details/review/100119,user_119
Why doesn't Blinkit have dog food? I always buy from Amazon instead.,4,2025-01-08T02:22:00+00:00,https://play.google.com/store/apps/details/review/100120,user_120
I wish Blinkit had more brands in baby care. Zepto seems better for that. Delivery was fine though.,5,2024-10-05T19:28:50+00:00,https://play.google.com/store/apps/details/review/100121,user_121
"Blinkit pe electronics nahi milta, Amazon se order karta hoon. Might switch to Zepto next time.",4,2024-08-19T11:45:17+00:00,https://play.google.com/store/apps/details/review/100122,user_122
Why doesn't Blinkit have earphones? I always buy from Amazon instead. Been using Blinkit for two years.,5,2023-01-09T14:43:32+00:00,https://play.google.com/store/apps/details/review/100123,user_123
Good app but missing diapers. Nykaa has better personal care range. Same thought last month.,3,2024-10-22T10:35:56+00:00,https://play.google.com/store/apps/details/review/100124,user_124
Blinkit is great for groceries but I never think to order home essentials here. Noticed this after the app update.,3,2025-05-15T21:35:39+00:00,https://play.google.com/store/apps/details/review/100125,user_125
I wish Blinkit had more brands in baby care. Zepto seems better for that. My friends feel the same.,5,2023-07-27T03:14:31+00:00,https://play.google.com/store/apps/details/review/100126,user_126
Good app but missing vitamins. Nykaa has better personal care range. Especially in Bangalore.,4,2024-11-18T12:19:59+00:00,https://play.google.com/store/apps/details/review/100127,user_127
Good app but missing milk. Nykaa has better personal care range. Happens every reorder cycle.,4,2025-05-01T02:08:48+00:00,https://play.google.com/store/apps/details/review/100128,user_128
"Blinkit pe personal care nahi milta, Amazon se order karta hoon. Wish the homepage showed this category.",4,2025-01-07T09:08:44+00:00,https://play.google.com/store/apps/details/review/100129,user_129
Good app but missing earphones. Nykaa has better personal care range. BigBasket still wins here for me.,5,2024-03-06T18:54:59+00:00,https://play.google.com/store/apps/details/review/100130,user_130
"Blinkit pe home essentials nahi milta, Amazon se order karta hoon. Instamart has better variety lately.",3,2024-01-07T15:43:56+00:00,https://play.google.com/store/apps/details/review/100131,user_131
"Blinkit pe baby care nahi milta, Amazon se order karta hoon. Nykaa feels safer for this purchase.",3,2024-03-19T20:43:03+00:00,https://play.google.com/store/apps/details/review/100132,user_132
Fast delivery for milk and bread but health pharmacy selection is very limited. Amazon is my fallback always.,2,2025-04-19T02:20:04+00:00,https://play.google.com/store/apps/details/review/100133,user_133
Why doesn't Blinkit have shampoo? I always buy from Amazon instead. Would buy if assortment improved.,4,2024-08-18T00:35:26+00:00,https://play.google.com/store/apps/details/review/100134,user_134
Blinkit is great for groceries but I never think to order electronics here. Needs better in-app discovery.,4,2024-10-06T11:23:46+00:00,https://play.google.com/store/apps/details/review/100135,user_135
I wish Blinkit had more brands in home essentials. Zepto seems better for that. Never saw an promo for this category.,3,2023-04-07T17:26:02+00:00,https://play.google.com/store/apps/details/review/100136,user_136
I wish Blinkit had more brands in groceries. Zepto seems better for that. Category tab feels hidden.,5,2023-01-31T08:12:14+00:00,https://play.google.com/store/apps/details/review/100137,user_137
I wish Blinkit had more brands in groceries. Zepto seems better for that. Search never surfaces these products.,5,2023-01-10T03:49:18+00:00,https://play.google.com/store/apps/details/review/100138,user_138
Good app but missing notebooks. Nykaa has better personal care range. Price seems higher than competitors.,5,2024-08-28T19:45:21+00:00,https://play.google.com/store/apps/details/review/100139,user_139
Didn't know Blinkit sells groceries until my friend mentioned it.,5,2025-04-28T09:17:17+00:00,https://play.google.com/store/apps/details/review/100140,user_140
I wish Blinkit had more brands in electronics. Zepto seems better for that. Delivery was fine though.,3,2023-12-07T20:37:53+00:00,https://play.google.com/store/apps/details/review/100141,user_141
Blinkit is great for groceries but I never think to order home essentials here. Might switch to Zepto next time.,3,2024-08-27T01:38:50+00:00,https://play.google.com/store/apps/details/review/100142,user_142
"Blinkit pe groceries nahi milta, Amazon se order karta hoon. Been using Blinkit for two years.",5,2023-09-14T09:18:48+00:00,https://play.google.com/store/apps/details/review/100143,user_143
Didn't know Blinkit sells personal care until my friend mentioned it. Same thought last month.,1,2025-04-09T17:34:20+00:00,https://play.google.com/store/apps/details/review/100144,user_144
Didn't know Blinkit sells groceries until my friend mentioned it. Noticed this after the app update.,4,2025-05-26T18:03:29+00:00,https://play.google.com/store/apps/details/review/100145,user_145
"Blinkit pe baby care nahi milta, Amazon se order karta hoon. My friends feel the same.",2,2024-10-27T19:50:32+00:00,https://play.google.com/store/apps/details/review/100146,user_146
Why doesn't Blinkit have detergent? I always buy from Amazon instead. Especially in Bangalore.,3,2023-03-20T02:44:49+00:00,https://play.google.com/store/apps/details/review/100147,user_147
Why doesn't Blinkit have vitamins? I always buy from Amazon instead. Happens every reorder cycle.,3,2024-12-07T08:25:10+00:00,https://play.google.com/store/apps/details/review/100148,user_148
Fast delivery for milk and bread but groceries selection is very limited. Wish the homepage showed this category.,3,2024-10-16T21:04:33+00:00,https://play.google.com/store/apps/details/review/100149,user_149
I wish Blinkit had more brands in baby care. Zepto seems better for that. BigBasket still wins here for me.,5,2023-01-31T02:39:40+00:00,https://play.google.com/store/apps/details/review/100150,user_150
Fast delivery for milk and bread but pet supplies selection is very limited. Instamart has better variety lately.,4,2023-12-15T07:36:29+00:00,https://play.google.com/store/apps/details/review/100151,user_151
Good app but missing dog food. Nykaa has better personal care range. Nykaa feels safer for this purchase.,5,2023-02-18T04:52:55+00:00,https://play.google.com/store/apps/details/review/100152,user_152
Good app but missing earphones. Nykaa has better personal care range. Would buy if assortment improved.,4,2023-02-01T15:49:19+00:00,https://play.google.com/store/apps/details/review/100153,user_153
Why doesn't Blinkit have earphones? I always buy from Amazon instead. Would buy if assortment improved.,4,2025-01-05T15:38:09+00:00,https://play.google.com/store/apps/details/review/100154,user_154
I wish Blinkit had more brands in electronics. Zepto seems better for that. Needs better in-app discovery.,5,2024-02-03T01:27:26+00:00,https://play.google.com/store/apps/details/review/100155,user_155
Didn't know Blinkit sells personal care until my friend mentioned it. Never saw an promo for this category.,5,2023-06-27T22:05:41+00:00,https://play.google.com/store/apps/details/review/100156,user_156
Fast delivery for milk and bread but personal care selection is very limited. Search never surfaces these products.,4,2023-06-17T22:12:48+00:00,https://play.google.com/store/apps/details/review/100157,user_157
Didn't know Blinkit sells stationery until my friend mentioned it. Search never surfaces these products.,4,2024-08-06T00:27:27+00:00,https://play.google.com/store/apps/details/review/100158,user_158
Blinkit is great for groceries but I never think to order electronics here. Price seems higher than competitors.,2,2024-01-13T06:04:52+00:00,https://play.google.com/store/apps/details/review/100159,user_159
Good app but missing notebooks. Nykaa has better personal care range.,5,2023-07-08T01:15:35+00:00,https://play.google.com/store/apps/details/review/100160,user_160
Fast delivery for milk and bread but pet supplies selection is very limited. Delivery was fine though.,4,2025-04-07T14:10:56+00:00,https://play.google.com/store/apps/details/review/100161,user_161
Blinkit is great for groceries but I never think to order health pharmacy here. Been using Blinkit for two years.,4,2025-02-24T23:35:07+00:00,https://play.google.com/store/apps/details/review/100162,user_162
Good app but missing dog food. Nykaa has better personal care range. Been using Blinkit for two years.,5,2024-10-14T12:55:29+00:00,https://play.google.com/store/apps/details/review/100163,user_163
I wish Blinkit had more brands in baby care. Zepto seems better for that. Same thought last month.,4,2024-07-16T15:20:55+00:00,https://play.google.com/store/apps/details/review/100164,user_164
"Blinkit pe home essentials nahi milta, Amazon se order karta hoon. Noticed this after the app update.",4,2023-08-26T15:55:24+00:00,https://play.google.com/store/apps/details/review/100165,user_165
Didn't know Blinkit sells stationery until my friend mentioned it. My friends feel the same.,5,2025-04-16T00:32:24+00:00,https://play.google.com/store/apps/details/review/100166,user_166
I wish Blinkit had more brands in home essentials. Zepto seems better for that. Especially in Bangalore.,3,2024-02-21T22:30:39+00:00,https://play.google.com/store/apps/details/review/100167,user_167
Good app but missing earphones. Nykaa has better personal care range. Happens every reorder cycle.,3,2023-05-15T15:01:37+00:00,https://play.google.com/store/apps/details/review/100168,user_168
Why doesn't Blinkit have detergent? I always buy from Amazon instead. Wish the homepage showed this category.,4,2024-12-22T21:35:14+00:00,https://play.google.com/store/apps/details/review/100169,user_169
Fast delivery for milk and bread but groceries selection is very limited. Instamart has better variety lately.,4,2023-02-14T14:00:48+00:00,https://play.google.com/store/apps/details/review/100170,user_170
Why doesn't Blinkit have vitamins? I always buy from Amazon instead. Instamart has better variety lately.,3,2025-01-27T09:10:44+00:00,https://play.google.com/store/apps/details/review/100171,user_171
Fast delivery for milk and bread but stationery selection is very limited. Nykaa feels safer for this purchase.,5,2024-03-10T10:25:26+00:00,https://play.google.com/store/apps/details/review/100172,user_172
Didn't know Blinkit sells stationery until my friend mentioned it. Amazon is my fallback always.,4,2023-01-16T18:27:39+00:00,https://play.google.com/store/apps/details/review/100173,user_173
Blinkit is great for groceries but I never think to order electronics here. Would buy if assortment improved.,5,2024-01-10T22:24:20+00:00,https://play.google.com/store/apps/details/review/100174,user_174
Didn't know Blinkit sells home essentials until my friend mentioned it. Needs better in-app discovery.,4,2024-01-09T07:55:32+00:00,https://play.google.com/store/apps/details/review/100175,user_175
I wish Blinkit had more brands in home essentials. Zepto seems better for that. Category tab feels hidden.,2,2023-01-27T18:52:31+00:00,https://play.google.com/store/apps/details/review/100176,user_176
I wish Blinkit had more brands in electronics. Zepto seems better for that. Category tab feels hidden.,3,2024-01-13T23:04:26+00:00,https://play.google.com/store/apps/details/review/100177,user_177
I wish Blinkit had more brands in health pharmacy. Zepto seems better for that. Search never surfaces these products.,4,2025-05-09T18:58:02+00:00,https://play.google.com/store/apps/details/review/100178,user_178
"Blinkit pe groceries nahi milta, Amazon se order karta hoon. Price seems higher than competitors.",3,2025-05-04T23:58:10+00:00,https://play.google.com/store/apps/details/review/100179,user_179
Fast delivery for milk and bread but home essentials selection is very limited.,3,2024-04-21T07:44:01+00:00,https://play.google.com/store/apps/details/review/100180,user_180
"Blinkit pe baby care nahi milta, Amazon se order karta hoon. Delivery was fine though.",3,2023-10-27T04:03:46+00:00,https://play.google.com/store/apps/details/review/100181,user_181
Why doesn't Blinkit have shampoo? I always buy from Amazon instead. Might switch to Zepto next time.,5,2023-12-03T03:24:14+00:00,https://play.google.com/store/apps/details/review/100182,user_182
"Blinkit pe stationery nahi milta, Amazon se order karta hoon. Been using Blinkit for two years.",4,2025-03-25T23:52:48+00:00,https://play.google.com/store/apps/details/review/100183,user_183
Good app but missing diapers. Nykaa has better personal care range. Noticed this after the app update.,3,2023-10-29T13:13:40+00:00,https://play.google.com/store/apps/details/review/100184,user_184
Why doesn't Blinkit have vitamins? I always buy from Amazon instead. Noticed this after the app update.,1,2024-04-14T13:21:09+00:00,https://play.google.com/store/apps/details/review/100185,user_185
Fast delivery for milk and bread but personal care selection is very limited. My friends feel the same.,5,2023-03-12T16:56:53+00:00,https://play.google.com/store/apps/details/review/100186,user_186
"Blinkit pe stationery nahi milta, Amazon se order karta hoon. Especially in Bangalore.",4,2023-07-16T04:02:26+00:00,https://play.google.com/store/apps/details/review/100187,user_187
Blinkit is great for groceries but I never think to order home essentials here. Happens every reorder cycle.,4,2023-01-20T01:17:14+00:00,https://play.google.com/store/apps/details/review/100188,user_188
I wish Blinkit had more brands in home essentials. Zepto seems better for that. Wish the homepage showed this category.,3,2024-11-15T05:52:01+00:00,https://play.google.com/store/apps/details/review/100189,user_189
Fast delivery for milk and bread but pet supplies selection is very limited. BigBasket still wins here for me.,2,2025-01-12T03:02:06+00:00,https://play.google.com/store/apps/details/review/100190,user_190
I wish Blinkit had more brands in baby care. Zepto seems better for that. Instamart has better variety lately.,1,2025-02-02T21:38:26+00:00,https://play.google.com/store/apps/details/review/100191,user_191
Why doesn't Blinkit have dog food? I always buy from Amazon instead. Nykaa feels safer for this purchase.,5,2023-08-20T18:29:20+00:00,https://play.google.com/store/apps/details/review/100192,user_192
Blinkit is great for groceries but I never think to order stationery here. Amazon is my fallback always.,2,2024-01-21T13:13:46+00:00,https://play.google.com/store/apps/details/review/100193,user_193
Didn't know Blinkit sells groceries until my friend mentioned it. Would buy if assortment improved.,5,2023-12-17T14:13:34+00:00,https://play.google.com/store/apps/details/review/100194,user_194
I wish Blinkit had more brands in groceries. Zepto seems better for that. Needs better in-app discovery.,3,2024-11-18T17:50:07+00:00,https://play.google.com/store/apps/details/review/100195,user_195
Fast delivery for milk and bread but groceries selection is very limited. Never saw an promo for this category.,4,2023-04-04T13:32:54+00:00,https://play.google.com/store/apps/details/review/100196,user_196
Good app but missing diapers. Nykaa has better personal care range. Category tab feels hidden.,4,2023-11-19T18:53:40+00:00,https://play.google.com/store/apps/details/review/100197,user_197
"Blinkit pe stationery nahi milta, Amazon se order karta hoon. Price seems higher than competitors.",2,2023-05-07T02:53:17+00:00,https://play.google.com/store/apps/details/review/100198,user_198
Didn't know Blinkit sells personal care until my friend mentioned it. Price seems higher than competitors.,2,2023-04-27T14:37:16+00:00,https://play.google.com/store/apps/details/review/100199,user_199
I wish Blinkit had more brands in groceries. Zepto seems better for that.,3,2024-12-30T23:36:25+00:00,https://play.google.com/store/apps/details/review/100200,user_0
Fast delivery for milk and bread but electronics selection is very limited. Delivery was fine though.,5,2024-03-15T04:30:17+00:00,https://play.google.com/store/apps/details/review/100201,user_1
Blinkit is great for groceries but I never think to order home essentials here. Been using Blinkit for two years.,5,2023-12-29T14:40:12+00:00,https://play.google.com/store/apps/details/review/100202,user_2
I wish Blinkit had more brands in electronics. Zepto seems better for that. Been using Blinkit for two years.,4,2023-06-28T07:10:14+00:00,https://play.google.com/store/apps/details/review/100203,user_3
Fast delivery for milk and bread but personal care selection is very limited. Same thought last month.,1,2023-08-09T22:57:11+00:00,https://play.google.com/store/apps/details/review/100204,user_4
Good app but missing shampoo. Nykaa has better personal care range. Noticed this after the app update.,4,2024-04-22T20:35:58+00:00,https://play.google.com/store/apps/details/review/100205,user_5
I wish Blinkit had more brands in stationery. Zepto seems better for that. My friends feel the same.,4,2023-07-13T04:14:25+00:00,https://play.google.com/store/apps/details/review/100206,user_6
"Blinkit pe stationery nahi milta, Amazon se order karta hoon. Happens every reorder cycle.",5,2024-09-17T06:36:18+00:00,https://play.google.com/store/apps/details/review/100207,user_7
I wish Blinkit had more brands in home essentials. Zepto seems better for that. Happens every reorder cycle.,4,2023-05-05T23:05:22+00:00,https://play.google.com/store/apps/details/review/100208,user_8
"Blinkit pe groceries nahi milta, Amazon se order karta hoon. Wish the homepage showed this category.",4,2024-05-15T17:01:10+00:00,https://play.google.com/store/apps/details/review/100209,user_9
Blinkit is great for groceries but I never think to order pet supplies here. BigBasket still wins here for me.,5,2023-12-22T14:55:14+00:00,https://play.google.com/store/apps/details/review/100210,user_10
Good app but missing dog food. Nykaa has better personal care range. Instamart has better variety lately.,4,2024-02-23T16:05:57+00:00,https://play.google.com/store/apps/details/review/100211,user_11
I wish Blinkit had more brands in personal care. Zepto seems better for that. Nykaa feels safer for this purchase.,4,2025-03-17T04:22:27+00:00,https://play.google.com/store/apps/details/review/100212,user_12
Why doesn't Blinkit have notebooks? I always buy from Amazon instead. Amazon is my fallback always.,4,2024-11-08T02:58:12+00:00,https://play.google.com/store/apps/details/review/100213,user_13
Blinkit is great for groceries but I never think to order home essentials here. Would buy if assortment improved.,3,2024-12-31T03:15:27+00:00,https://play.google.com/store/apps/details/review/100214,user_14
Fast delivery for milk and bread but health pharmacy selection is very limited. Needs better in-app discovery.,5,2023-06-12T11:45:58+00:00,https://play.google.com/store/apps/details/review/100215,user_15
I wish Blinkit had more brands in health pharmacy. Zepto seems better for that. Never saw an promo for this category.,3,2025-02-08T16:25:26+00:00,https://play.google.com/store/apps/details/review/100216,user_16
Good app but missing milk. Nykaa has better personal care range. Category tab feels hidden.,1,2025-05-04T13:05:17+00:00,https://play.google.com/store/apps/details/review/100217,user_17
Fast delivery for milk and bread but baby care selection is very limited. Price seems higher than competitors.,3,2024-01-28T02:06:40+00:00,https://play.google.com/store/apps/details/review/100218,user_18
Good app but missing milk. Nykaa has better personal care range. Price seems higher than competitors.,5,2025-03-10T09:32:19+00:00,https://play.google.com/store/apps/details/review/100219,user_19
"Blinkit pe pet supplies nahi milta, Amazon se order karta hoon.",4,2025-04-22T21:21:19+00:00,https://play.google.com/store/apps/details/review/100220,user_20
Why doesn't Blinkit have dog food? I always buy from Amazon instead. Might switch to Zepto next time.,4,2025-03-16T08:49:17+00:00,https://play.google.com/store/apps/details/review/100221,user_21
"Blinkit pe home essentials nahi milta, Amazon se order karta hoon. Might switch to Zepto next time.",5,2024-11-17T16:28:52+00:00,https://play.google.com/store/apps/details/review/100222,user_22
Fast delivery for milk and bread but electronics selection is very limited. Been using Blinkit for two years.,2,2025-05-03T04:23:32+00:00,https://play.google.com/store/apps/details/review/100223,user_23
I wish Blinkit had more brands in stationery. Zepto seems better for that. Same thought last month.,2,2025-01-22T23:21:56+00:00,https://play.google.com/store/apps/details/review/100224,user_24
"Blinkit pe electronics nahi milta, Amazon se order karta hoon. Noticed this after the app update.",3,2023-09-04T00:45:57+00:00,https://play.google.com/store/apps/details/review/100225,user_25
Didn't know Blinkit sells pet supplies until my friend mentioned it. My friends feel the same.,2,2024-09-25T18:59:43+00:00,https://play.google.com/store/apps/details/review/100226,user_26
I wish Blinkit had more brands in baby care. Zepto seems better for that. Especially in Bangalore.,4,2023-07-02T11:27:19+00:00,https://play.google.com/store/apps/details/review/100227,user_27
I wish Blinkit had more brands in personal care. Zepto seems better for that. Wish the homepage showed this category.,4,2024-03-29T09:23:15+00:00,https://play.google.com/store/apps/details/review/100228,user_28
I wish Blinkit had more brands in stationery. Zepto seems better for that. Wish the homepage showed this category.,5,2025-01-19T12:53:16+00:00,https://play.google.com/store/apps/details/review/100229,user_29
I wish Blinkit had more brands in electronics. Zepto seems better for that. BigBasket still wins here for me.,2,2025-05-06T08:39:06+00:00,https://play.google.com/store/apps/details/review/100230,user_30
Didn't know Blinkit sells electronics until my friend mentioned it. Instamart has better variety lately.,5,2025-02-28T12:35:37+00:00,https://play.google.com/store/apps/details/review/100231,user_31
Good app but missing shampoo. Nykaa has better personal care range. Nykaa feels safer for this purchase.,3,2023-04-19T10:42:30+00:00,https://play.google.com/store/apps/details/review/100232,user_32
Fast delivery for milk and bread but groceries selection is very limited. Amazon is my fallback always.,3,2025-02-27T17:49:57+00:00,https://play.google.com/store/apps/details/review/100233,user_33
Fast delivery for milk and bread but pet supplies selection is very limited. Would buy if assortment improved.,5,2024-04-08T18:58:07+00:00,https://play.google.com/store/apps/details/review/100234,user_34
Good app but missing detergent. Nykaa has better personal care range. Needs better in-app discovery.,4,2023-08-19T20:02:19+00:00,https://play.google.com/store/apps/details/review/100235,user_35
Fast delivery for milk and bread but home essentials selection is very limited. Never saw an promo for this category.,4,2024-05-31T10:15:35+00:00,https://play.google.com/store/apps/details/review/100236,user_36
I wish Blinkit had more brands in groceries. Zepto seems better for that. Price seems higher than competitors.,5,2024-05-14T20:43:44+00:00,https://play.google.com/store/apps/details/review/100237,user_37
Didn't know Blinkit sells electronics until my friend mentioned it. Search never surfaces these products.,3,2024-08-17T22:11:17+00:00,https://play.google.com/store/apps/details/review/100238,user_38
Blinkit is great for groceries but I never think to order groceries here. Price seems higher than competitors.,5,2024-05-09T06:28:23+00:00,https://play.google.com/store/apps/details/review/100239,user_39
I wish Blinkit had more brands in groceries. Zepto seems better for that. Delivery was fine though.,4,2023-08-25T06:53:50+00:00,https://play.google.com/store/apps/details/review/100240,user_40
Why doesn't Blinkit have dog food? I always buy from Amazon instead. Been using Blinkit for two years.,5,2025-02-19T06:46:16+00:00,https://play.google.com/store/apps/details/review/100241,user_41
Good app but missing vitamins. Nykaa has better personal care range. Might switch to Zepto next time.,5,2023-06-05T21:51:48+00:00,https://play.google.com/store/apps/details/review/100242,user_42
Blinkit is great for groceries but I never think to order home essentials here. Same thought last month.,5,2025-03-28T00:52:39+00:00,https://play.google.com/store/apps/details/review/100243,user_43
"Blinkit pe pet supplies nahi milta, Amazon se order karta hoon. Same thought last month.",4,2023-08-12T22:30:12+00:00,https://play.google.com/store/apps/details/review/100244,user_44
Blinkit is great for groceries but I never think to order personal care here. Noticed this after the app update.,5,2024-12-30T07:52:41+00:00,https://play.google.com/store/apps/details/review/100245,user_45
Fast delivery for milk and bread but stationery selection is very limited. My friends feel the same.,4,2024-09-09T11:15:08+00:00,https://play.google.com/store/apps/details/review/100246,user_46
Good app but missing vitamins. Nykaa has better personal care range. Happens every reorder cycle.,4,2025-04-08T22:52:54+00:00,https://play.google.com/store/apps/details/review/100247,user_47
"Blinkit pe health pharmacy nahi milta, Amazon se order karta hoon. Happens every reorder cycle.",5,2025-01-28T00:00:02+00:00,https://play.google.com/store/apps/details/review/100248,user_48
Didn't know Blinkit sells pet supplies until my friend mentioned it. Wish the homepage showed this category.,3,2023-04-17T06:54:37+00:00,https://play.google.com/store/apps/details/review/100249,user_49
Why doesn't Blinkit have notebooks? I always buy from Amazon instead. BigBasket still wins here for me.,4,2023-05-21T09:35:08+00:00,https://play.google.com/store/apps/details/review/100250,user_50
Good app but missing diapers. Nykaa has better personal care range. Instamart has better variety lately.,4,2023-06-06T03:10:53+00:00,https://play.google.com/store/apps/details/review/100251,user_51
Blinkit is great for groceries but I never think to order stationery here. Nykaa feels safer for this purchase.,3,2023-03-13T10:40:03+00:00,https://play.google.com/store/apps/details/review/100252,user_52
Fast delivery for milk and bread but pet supplies selection is very limited. Amazon is my fallback always.,4,2024-07-10T20:28:55+00:00,https://play.google.com/store/apps/details/review/100253,user_53
Why doesn't Blinkit have shampoo? I always buy from Amazon instead. Needs better in-app discovery.,4,2025-04-05T03:18:56+00:00,https://play.google.com/store/apps/details/review/100254,user_54
Why doesn't Blinkit have shampoo? I always buy from Amazon instead. Never saw an promo for this category.,1,2023-09-29T23:03:31+00:00,https://play.google.com/store/apps/details/review/100255,user_55
Didn't know Blinkit sells groceries until my friend mentioned it. Never saw an promo for this category.,4,2024-01-10T02:47:07+00:00,https://play.google.com/store/apps/details/review/100256,user_56
Why doesn't Blinkit have shampoo? I always buy from Amazon instead. Category tab feels hidden.,4,2024-12-17T08:54:53+00:00,https://play.google.com/store/apps/details/review/100257,user_57
Fast delivery for milk and bread but home essentials selection is very limited. Search never surfaces these products.,5,2023-01-15T14:21:41+00:00,https://play.google.com/store/apps/details/review/100258,user_58
Fast delivery for milk and bread but home essentials selection is very limited. Price seems higher than competitors.,2,2025-04-29T02:39:20+00:00,https://play.google.com/store/apps/details/review/100259,user_59
Fast delivery for milk and bread but home essentials selection is very limited. Delivery was fine though.,4,2024-04-09T17:16:43+00:00,https://play.google.com/store/apps/details/review/100260,user_60
"Blinkit pe groceries nahi milta, Amazon se order karta hoon. Delivery was fine though.",4,2024-01-24T12:20:15+00:00,https://play.google.com/store/apps/details/review/100261,user_61
Why doesn't Blinkit have notebooks? I always buy from Amazon instead. Might switch to Zepto next time.,5,2024-08-20T14:24:13+00:00,https://play.google.com/store/apps/details/review/100262,user_62
Why doesn't Blinkit have diapers? I always buy from Amazon instead. Same thought last month.,4,2024-08-15T10:17:29+00:00,https://play.google.com/store/apps/details/review/100263,user_63
"Blinkit pe stationery nahi milta, Amazon se order karta hoon. Same thought last month.",1,2024-04-03T15:00:01+00:00,https://play.google.com/store/apps/details/review/100264,user_64
Fast delivery for milk and bread but groceries selection is very limited. Noticed this after the app update.,4,2023-01-13T13:54:50+00:00,https://play.google.com/store/apps/details/review/100265,user_65
Didn't know Blinkit sells pet supplies until my friend mentioned it. Especially in Bangalore.,5,2025-02-10T15:20:07+00:00,https://play.google.com/store/apps/details/review/100266,user_66
Good app but missing notebooks. Nykaa has better personal care range. Especially in Bangalore.,4,2023-12-24T11:26:07+00:00,https://play.google.com/store/apps/details/review/100267,user_67
Why doesn't Blinkit have vitamins? I always buy from Amazon instead. Wish the homepage showed this category.,4,2023-10-23T08:38:03+00:00,https://play.google.com/store/apps/details/review/100268,user_68
"Blinkit pe personal care nahi milta, Amazon se order karta hoon. BigBasket still wins here for me.",5,2023-05-31T22:32:01+00:00,https://play.google.com/store/apps/details/review/100269,user_69
Fast delivery for milk and bread but pet supplies selection is very limited. Nykaa feels safer for this purchase.,1,2024-11-15T19:04:47+00:00,https://play.google.com/store/apps/details/review/100270,user_70
"Blinkit pe health pharmacy nahi milta, Amazon se order karta hoon. Instamart has better variety lately.",2,2023-07-24T03:23:14+00:00,https://play.google.com/store/apps/details/review/100271,user_71
Fast delivery for milk and bread but stationery selection is very limited. Amazon is my fallback always.,2,2024-10-07T11:04:41+00:00,https://play.google.com/store/apps/details/review/100272,user_72
Good app but missing shampoo. Nykaa has better personal care range. Amazon is my fallback always.,5,2025-04-17T22:34:43+00:00,https://play.google.com/store/apps/details/review/100273,user_73
Didn't know Blinkit sells health pharmacy until my friend mentioned it. Would buy if assortment improved.,5,2025-02-18T12:15:52+00:00,https://play.google.com/store/apps/details/review/100274,user_74
Fast delivery for milk and bread but personal care selection is very limited. Needs better in-app discovery.,5,2025-01-18T12:35:20+00:00,https://play.google.com/store/apps/details/review/100275,user_75
"Blinkit pe stationery nahi milta, Amazon se order karta hoon. Never saw an promo for this category.",5,2024-06-10T04:13:11+00:00,https://play.google.com/store/apps/details/review/100276,user_76
Blinkit is great for groceries but I never think to order home essentials here. Category tab feels hidden.,5,2023-08-07T15:48:06+00:00,https://play.google.com/store/apps/details/review/100277,user_77
Good app but missing earphones. Nykaa has better personal care range. Search never surfaces these products.,5,2024-09-09T08:34:27+00:00,https://play.google.com/store/apps/details/review/100278,user_78
Blinkit is great for groceries but I never think to order health pharmacy here. Price seems higher than competitors.,1,2024-09-04T22:48:21+00:00,https://play.google.com/store/apps/details/review/100279,user_79
I wish Blinkit had more brands in baby care. Zepto seems better for that.,4,2024-07-26T13:52:09+00:00,https://play.google.com/store/apps/details/review/100280,user_80
Didn't know Blinkit sells stationery until my friend mentioned it. Delivery was fine though.,5,2024-08-14T21:39:36+00:00,https://play.google.com/store/apps/details/review/100281,user_81
Blinkit is great for groceries but I never think to order health pharmacy here. Same thought last month.,4,2023-12-30T05:30:44+00:00,https://play.google.com/store/apps/details/review/100282,user_82
Didn't know Blinkit sells health pharmacy until my friend mentioned it. Been using Blinkit for two years.,4,2023-12-10T21:10:02+00:00,https://play.google.com/store/apps/details/review/100283,user_83
"Blinkit pe home essentials nahi milta, Amazon se order karta hoon. Same thought last month.",4,2024-04-14T10:27:58+00:00,https://play.google.com/store/apps/details/review/100284,user_84
Why doesn't Blinkit have diapers? I always buy from Amazon instead. Noticed this after the app update.,5,2023-03-12T10:39:05+00:00,https://play.google.com/store/apps/details/review/100285,user_85
I wish Blinkit had more brands in stationery. Zepto seems better for that. Especially in Bangalore.,2,2023-06-30T09:17:07+00:00,https://play.google.com/store/apps/details/review/100286,user_86
I wish Blinkit had more brands in personal care. Zepto seems better for that. Especially in Bangalore.,4,2024-12-05T17:03:54+00:00,https://play.google.com/store/apps/details/review/100287,user_87
Didn't know Blinkit sells groceries until my friend mentioned it. Happens every reorder cycle.,5,2023-08-29T01:01:52+00:00,https://play.google.com/store/apps/details/review/100288,user_88
Good app but missing diapers. Nykaa has better personal care range. Wish the homepage showed this category.,4,2025-01-30T04:10:47+00:00,https://play.google.com/store/apps/details/review/100289,user_89
Blinkit is great for groceries but I never think to order stationery here. BigBasket still wins here for me.,3,2024-07-29T14:21:29+00:00,https://play.google.com/store/apps/details/review/100290,user_90
Why doesn't Blinkit have detergent? I always buy from Amazon instead. Nykaa feels safer for this purchase.,2,2024-07-17T09:54:56+00:00,https://play.google.com/store/apps/details/review/100291,user_91
Didn't know Blinkit sells health pharmacy until my friend mentioned it. Amazon is my fallback always.,1,2024-07-11T04:19:48+00:00,https://play.google.com/store/apps/details/review/100292,user_92
Why doesn't Blinkit have notebooks? I always buy from Amazon instead. Would buy if assortment improved.,5,2023-07-09T18:26:39+00:00,https://play.google.com/store/apps/details/review/100293,user_93
Blinkit is great for groceries but I never think to order home essentials here. Needs better in-app discovery.,4,2023-11-26T11:52:40+00:00,https://play.google.com/store/apps/details/review/100294,user_94
Blinkit is great for groceries but I never think to order pet supplies here. Needs better in-app discovery.,3,2024-06-02T02:07:21+00:00,https://play.google.com/store/apps/details/review/100295,user_95
Good app but missing shampoo. Nykaa has better personal care range. Never saw an promo for this category.,3,2025-05-27T00:59:33+00:00,https://play.google.com/store/apps/details/review/100296,user_96
Didn't know Blinkit sells electronics until my friend mentioned it.,5,2023-12-02T11:14:59+00:00,https://play.google.com/store/apps/details/review/100297,user_97
Fast delivery for milk and bread but electronics selection is very limited. Search never surfaces these products.,5,2023-08-18T05:13:06+00:00,https://play.google.com/store/apps/details/review/100298,user_98
Fast delivery for milk and bread but pet supplies selection is very limited. Price seems higher than competitors.,5,2023-08-13T18:21:31+00:00,https://play.google.com/store/apps/details/review/100299,user_99
Good app but missing notebooks. Nykaa has better personal care range. Delivery was fine though.,2,2023-09-29T01:43:27+00:00,https://play.google.com/store/apps/details/review/100300,user_100
Why doesn't Blinkit have dog food? I always buy from Amazon instead. Same thought last month.,4,2023-01-24T02:01:59+00:00,https://play.google.com/store/apps/details/review/100301,user_101
Didn't know Blinkit sells electronics until my friend mentioned it. Might switch to Zepto next time.,1,2024-05-17T23:04:30+00:00,https://play.google.com/store/apps/details/review/100302,user_102
Blinkit is great for groceries but I never think to order stationery here. Been using Blinkit for two years.,5,2023-07-16T21:54:03+00:00,https://play.google.com/store/apps/details/review/100303,user_103
"Blinkit pe baby care nahi milta, Amazon se order karta hoon. Same thought last month.",4,2023-04-09T17:36:55+00:00,https://play.google.com/store/apps/details/review/100304,user_104
Didn't know Blinkit sells health pharmacy until my friend mentioned it. Noticed this after the app update.,4,2023-06-19T09:49:41+00:00,https://play.google.com/store/apps/details/review/100305,user_105
Didn't know Blinkit sells electronics until my friend mentioned it. My friends feel the same.,5,2023-03-09T08:45:56+00:00,https://play.google.com/store/apps/details/review/100306,user_106
I wish Blinkit had more brands in stationery. Zepto seems better for that. Happens every reorder cycle.,1,2023-02-18T09:22:48+00:00,https://play.google.com/store/apps/details/review/100307,user_107
Good app but missing detergent. Nykaa has better personal care range. Happens every reorder cycle.,4,2024-09-15T21:22:35+00:00,https://play.google.com/store/apps/details/review/100308,user_108
I wish Blinkit had more brands in baby care. Zepto seems better for that. Wish the homepage showed this category.,1,2024-11-20T01:12:08+00:00,https://play.google.com/store/apps/details/review/100309,user_109
Fast delivery for milk and bread but baby care selection is very limited. BigBasket still wins here for me.,1,2023-08-19T10:17:09+00:00,https://play.google.com/store/apps/details/review/100310,user_110
Didn't know Blinkit sells stationery until my friend mentioned it. Instamart has better variety lately.,5,2025-05-01T20:12:34+00:00,https://play.google.com/store/apps/details/review/100311,user_111
Didn't know Blinkit sells groceries until my friend mentioned it. Amazon is my fallback always.,3,2025-04-04T04:35:33+00:00,https://play.google.com/store/apps/details/review/100312,user_112
Blinkit is great for groceries but I never think to order groceries here. Amazon is my fallback always.,5,2023-06-27T17:39:56+00:00,https://play.google.com/store/apps/details/review/100313,user_113
I wish Blinkit had more brands in electronics. Zepto seems better for that. Would buy if assortment improved.,5,2024-12-02T11:11:14+00:00,https://play.google.com/store/apps/details/review/100314,user_114
Fast delivery for milk and bread but groceries selection is very limited. Category tab feels hidden.,4,2024-12-05T11:39:52+00:00,https://play.google.com/store/apps/details/review/100315,user_115
Fast delivery for milk and bread but baby care selection is very limited. Never saw an promo for this category.,3,2024-10-24T22:54:55+00:00,https://play.google.com/store/apps/details/review/100316,user_116
Fast delivery for milk and bread but stationery selection is very limited. Category tab feels hidden.,4,2023-08-26T02:47:29+00:00,https://play.google.com/store/apps/details/review/100317,user_117
Blinkit is great for groceries but I never think to order home essentials here. Search never surfaces these products.,5,2023-05-22T17:06:23+00:00,https://play.google.com/store/apps/details/review/100318,user_118
I wish Blinkit had more brands in baby care. Zepto seems better for that. Price seems higher than competitors.,5,2023-05-31T00:10:58+00:00,https://play.google.com/store/apps/details/review/100319,user_119
Good app but missing vitamins. Nykaa has better personal care range. Delivery was fine though.,4,2023-07-22T03:03:20+00:00,https://play.google.com/store/apps/details/review/100320,user_120
"Blinkit pe health pharmacy nahi milta, Amazon se order karta hoon. Delivery was fine though.",4,2023-07-09T21:06:45+00:00,https://play.google.com/store/apps/details/review/100321,user_121
Good app but missing milk. Nykaa has better personal care range. Might switch to Zepto next time.,5,2023-03-21T22:02:55+00:00,https://play.google.com/store/apps/details/review/100322,user_122
Fast delivery for milk and bread but stationery selection is very limited. Been using Blinkit for two years.,4,2023-06-10T22:30:32+00:00,https://play.google.com/store/apps/details/review/100323,user_123
Why doesn't Blinkit have earphones? I always buy from Amazon instead. Same thought last month.,3,2025-01-19T01:19:25+00:00,https://play.google.com/store/apps/details/review/100324,user_124
Fast delivery for milk and bread but baby care selection is very limited. Noticed this after the app update.,4,2025-05-14T03:04:48+00:00,https://play.google.com/store/apps/details/review/100325,user_125
Didn't know Blinkit sells stationery until my friend mentioned it. Especially in Bangalore.,5,2023-12-18T07:49:19+00:00,https://play.google.com/store/apps/details/review/100326,user_126
Didn't know Blinkit sells pet supplies until my friend mentioned it. Happens every reorder cycle.,1,2024-02-20T11:10:26+00:00,https://play.google.com/store/apps/details/review/100327,user_127
"Blinkit pe stationery nahi milta, Amazon se order karta hoon. Wish the homepage showed this category.",5,2024-04-24T23:47:02+00:00,https://play.google.com/store/apps/details/review/100328,user_128
Blinkit is great for groceries but I never think to order health pharmacy here. BigBasket still wins here for me.,5,2023-10-09T19:17:21+00:00,https://play.google.com/store/apps/details/review/100329,user_129
Blinkit is great for groceries but I never think to order groceries here. BigBasket still wins here for me.,5,2023-08-09T09:28:13+00:00,https://play.google.com/store/apps/details/review/100330,user_130
Blinkit is great for groceries but I never think to order pet supplies here. Instamart has better variety lately.,3,2025-04-04T01:49:41+00:00,https://play.google.com/store/apps/details/review/100331,user_131
I wish Blinkit had more brands in groceries. Zepto seems better for that. Nykaa feels safer for this purchase.,2,2024-06-13T13:31:24+00:00,https://play.google.com/store/apps/details/review/100332,user_132
"Blinkit pe stationery nahi milta, Amazon se order karta hoon. Amazon is my fallback always.",5,2024-05-18T21:52:14+00:00,https://play.google.com/store/apps/details/review/100333,user_133
Blinkit is great for groceries but I never think to order baby care here. Needs better in-app discovery.,2,2023-08-30T16:26:21+00:00,https://play.google.com/store/apps/details/review/100334,user_134
"Blinkit pe pet supplies nahi milta, Amazon se order karta hoon. Needs better in-app discovery.",3,2023-05-07T17:34:47+00:00,https://play.google.com/store/apps/details/review/100335,user_135
I wish Blinkit had more brands in groceries. Zepto seems better for that. Never saw an promo for this category.,4,2024-11-17T16:36:06+00:00,https://play.google.com/store/apps/details/review/100336,user_136
Good app but missing earphones. Nykaa has better personal care range. Category tab feels hidden.,2,2025-03-06T21:39:17+00:00,https://play.google.com/store/apps/details/review/100337,user_137
Blinkit is great for groceries but I never think to order groceries here. Search never surfaces these products.,4,2024-03-16T00:11:37+00:00,https://play.google.com/store/apps/details/review/100338,user_138
Didn't know Blinkit sells home essentials until my friend mentioned it. Price seems higher than competitors.,1,2024-04-24T02:42:30+00:00,https://play.google.com/store/apps/details/review/100339,user_139
Didn't know Blinkit sells groceries until my friend mentioned it. Delivery was fine though.,1,2023-03-27T02:25:10+00:00,https://play.google.com/store/apps/details/review/100340,user_140
Why doesn't Blinkit have notebooks? I always buy from Amazon instead. Delivery was fine though.,5,2023-08-02T04:29:03+00:00,https://play.google.com/store/apps/details/review/100341,user_141
Fast delivery for milk and bread but stationery selection is very limited. Might switch to Zepto next time.,1,2023-07-06T09:20:26+00:00,https://play.google.com/store/apps/details/review/100342,user_142
Why doesn't Blinkit have milk? I always buy from Amazon instead. Same thought last month.,4,2023-07-20T16:23:31+00:00,https://play.google.com/store/apps/details/review/100343,user_143
Didn't know Blinkit sells electronics until my friend mentioned it. Same thought last month.,5,2025-05-17T22:43:27+00:00,https://play.google.com/store/apps/details/review/100344,user_144
Blinkit is great for groceries but I never think to order health pharmacy here. My friends feel the same.,5,2024-09-08T19:53:10+00:00,https://play.google.com/store/apps/details/review/100345,user_145
I wish Blinkit had more brands in pet supplies. Zepto seems better for that. My friends feel the same.,4,2023-01-30T02:44:06+00:00,https://play.google.com/store/apps/details/review/100346,user_146
Good app but missing diapers. Nykaa has better personal care range. Especially in Bangalore.,4,2024-05-01T07:44:46+00:00,https://play.google.com/store/apps/details/review/100347,user_147
"Blinkit pe groceries nahi milta, Amazon se order karta hoon. Happens every reorder cycle.",3,2024-10-10T20:45:34+00:00,https://play.google.com/store/apps/details/review/100348,user_148
Blinkit is great for groceries but I never think to order groceries here. Wish the homepage showed this category.,2,2024-05-19T12:14:07+00:00,https://play.google.com/store/apps/details/review/100349,user_149
Good app but missing detergent. Nykaa has better personal care range. BigBasket still wins here for me.,2,2024-07-16T02:50:46+00:00,https://play.google.com/store/apps/details/review/100350,user_150
Why doesn't Blinkit have diapers? I always buy from Amazon instead. Instamart has better variety lately.,4,2024-11-07T19:11:53+00:00,https://play.google.com/store/apps/details/review/100351,user_151
I wish Blinkit had more brands in baby care. Zepto seems better for that. Nykaa feels safer for this purchase.,5,2024-04-26T23:52:26+00:00,https://play.google.com/store/apps/details/review/100352,user_152
Fast delivery for milk and bread but electronics selection is very limited. Amazon is my fallback always.,1,2023-09-19T04:26:30+00:00,https://play.google.com/store/apps/details/review/100353,user_153
Didn't know Blinkit sells baby care until my friend mentioned it. Would buy if assortment improved.,2,2025-03-03T04:23:27+00:00,https://play.google.com/store/apps/details/review/100354,user_154
Fast delivery for milk and bread but health pharmacy selection is very limited. Never saw an promo for this category.,3,2023-08-18T10:16:34+00:00,https://play.google.com/store/apps/details/review/100355,user_155
Fast delivery for milk and bread but personal care selection is very limited. Never saw an promo for this category.,2,2023-11-03T10:49:33+00:00,https://play.google.com/store/apps/details/review/100356,user_156
Good app but missing shampoo. Nykaa has better personal care range. Category tab feels hidden.,2,2023-04-28T01:22:25+00:00,https://play.google.com/store/apps/details/review/100357,user_157
I wish Blinkit had more brands in home essentials. Zepto seems better for that. Search never surfaces these products.,5,2025-05-25T17:34:55+00:00,https://play.google.com/store/apps/details/review/100358,user_158
"Blinkit pe home essentials nahi milta, Amazon se order karta hoon. Price seems higher than competitors.",4,2025-05-26T21:46:44+00:00,https://play.google.com/store/apps/details/review/100359,user_159
Good app but missing vitamins. Nykaa has better personal care range. Been using Blinkit for two years.,2,2024-05-06T02:30:44+00:00,https://play.google.com/store/apps/details/review/100360,user_160
I wish Blinkit had more brands in baby care. Zepto seems better for that. Might switch to Zepto next time.,4,2024-11-17T22:42:41+00:00,https://play.google.com/store/apps/details/review/100361,user_161
Didn't know Blinkit sells stationery until my friend mentioned it. Might switch to Zepto next time.,4,2023-03-29T06:14:54+00:00,https://play.google.com/store/apps/details/review/100362,user_162
Fast delivery for milk and bread but baby care selection is very limited. Been using Blinkit for two years.,4,2024-12-18T07:00:27+00:00,https://play.google.com/store/apps/details/review/100363,user_163
Fast delivery for milk and bread but pet supplies selection is very limited. Same thought last month.,1,2024-03-21T23:00:27+00:00,https://play.google.com/store/apps/details/review/100364,user_164
Didn't know Blinkit sells baby care until my friend mentioned it. Noticed this after the app update.,4,2025-02-26T16:51:30+00:00,https://play.google.com/store/apps/details/review/100365,user_165
I wish Blinkit had more brands in pet supplies. Zepto seems better for that. Especially in Bangalore.,3,2023-10-20T10:04:33+00:00,https://play.google.com/store/apps/details/review/100366,user_166
Didn't know Blinkit sells home essentials until my friend mentioned it. Especially in Bangalore.,5,2023-08-23T08:30:30+00:00,https://play.google.com/store/apps/details/review/100367,user_167
Blinkit is great for groceries but I never think to order home essentials here. Wish the homepage showed this category.,5,2024-06-17T12:17:17+00:00,https://play.google.com/store/apps/details/review/100368,user_168
Didn't know Blinkit sells baby care until my friend mentioned it. Wish the homepage showed this category.,1,2023-09-26T01:27:45+00:00,https://play.google.com/store/apps/details/review/100369,user_169
I wish Blinkit had more brands in home essentials. Zepto seems better for that. BigBasket still wins here for me.,4,2025-03-25T02:41:30+00:00,https://play.google.com/store/apps/details/review/100370,user_170
Fast delivery for milk and bread but personal care selection is very limited. Instamart has better variety lately.,5,2024-08-02T04:55:45+00:00,https://play.google.com/store/apps/details/review/100371,user_171
I wish Blinkit had more brands in groceries. Zepto seems better for that. Amazon is my fallback always.,4,2024-06-09T15:14:29+00:00,https://play.google.com/store/apps/details/review/100372,user_172
Good app but missing dog food. Nykaa has better personal care range. Amazon is my fallback always.,1,2024-06-03T20:37:55+00:00,https://play.google.com/store/apps/details/review/100373,user_173
Didn't know Blinkit sells baby care until my friend mentioned it. Needs better in-app discovery.,3,2024-08-23T12:09:29+00:00,https://play.google.com/store/apps/details/review/100374,user_174
Fast delivery for milk and bread but personal care selection is very limited. Delivery was fine though.,4,2023-05-07T14:36:51+00:00,https://play.google.com/store/apps/details/review/100375,user_175
Fast delivery for milk and bread but personal care selection is very limited. Been using Blinkit for two years.,5,2024-04-26T22:16:38+00:00,https://play.google.com/store/apps/details/review/100376,user_176
Why doesn't Blinkit have milk? I always buy from Amazon instead. Category tab feels hidden.,3,2023-05-12T14:33:13+00:00,https://play.google.com/store/apps/details/review/100377,user_177
"Blinkit pe groceries nahi milta, Amazon se order karta hoon. Search never surfaces these products.",5,2024-05-25T06:29:36+00:00,https://play.google.com/store/apps/details/review/100378,user_178
"Blinkit pe baby care nahi milta, Amazon se order karta hoon. Price seems higher than competitors.",4,2024-10-19T17:44:00+00:00,https://play.google.com/store/apps/details/review/100379,user_179
Fast delivery for milk and bread but pet supplies selection is very limited.,2,2024-04-24T19:21:42+00:00,https://play.google.com/store/apps/details/review/100380,user_180
Fast delivery for milk and bread but electronics selection is very limited. Might switch to Zepto next time.,2,2025-01-25T09:29:38+00:00,https://play.google.com/store/apps/details/review/100381,user_181
Why doesn't Blinkit have shampoo? I always buy from Amazon instead. Been using Blinkit for two years.,3,2023-04-30T20:55:22+00:00,https://play.google.com/store/apps/details/review/100382,user_182
Didn't know Blinkit sells baby care until my friend mentioned it. Been using Blinkit for two years.,5,2025-04-18T12:06:44+00:00,https://play.google.com/store/apps/details/review/100383,user_183
"Blinkit pe pet supplies nahi milta, Amazon se order karta hoon. Noticed this after the app update.",5,2024-06-07T03:29:08+00:00,https://play.google.com/store/apps/details/review/100384,user_184
Didn't know Blinkit sells personal care until my friend mentioned it. Noticed this after the app update.,2,2024-08-08T05:08:05+00:00,https://play.google.com/store/apps/details/review/100385,user_185
Good app but missing shampoo. Nykaa has better personal care range. My friends feel the same.,5,2023-09-15T03:44:50+00:00,https://play.google.com/store/apps/details/review/100386,user_186
I wish Blinkit had more brands in pet supplies. Zepto seems better for that. Happens every reorder cycle.,4,2024-07-19T22:03:59+00:00,https://play.google.com/store/apps/details/review/100387,user_187
I wish Blinkit had more brands in electronics. Zepto seems better for that. Wish the homepage showed this category.,5,2024-03-18T14:52:59+00:00,https://play.google.com/store/apps/details/review/100388,user_188
Why doesn't Blinkit have detergent? I always buy from Amazon instead. Amazon is my fallback always.,3,2025-04-09T13:22:43+00:00,https://play.google.com/store/apps/details/review/100389,user_189
Good app but missing detergent. Nykaa has better personal care range. Instamart has better variety lately.,4,2023-10-29T09:26:50+00:00,https://play.google.com/store/apps/details/review/100390,user_190
I wish Blinkit had more brands in home essentials. Zepto seems better for that. Instamart has better variety lately.,5,2024-03-13T17:12:41+00:00,https://play.google.com/store/apps/details/review/100391,user_191
Why doesn't Blinkit have milk? I always buy from Amazon instead. Would buy if assortment improved.,5,2023-11-07T05:16:15+00:00,https://play.google.com/store/apps/details/review/100392,user_192
Good app but missing shampoo. Nykaa has better personal care range. Would buy if assortment improved.,1,2024-01-24T08:47:43+00:00,https://play.google.com/store/apps/details/review/100393,user_193
Good app but missing detergent. Nykaa has better personal care range. Would buy if assortment improved.,4,2024-07-30T15:47:25+00:00,https://play.google.com/store/apps/details/review/100394,user_194
"Blinkit pe baby care nahi milta, Amazon se order karta hoon. Needs better in-app discovery.",5,2025-03-12T10:29:45+00:00,https://play.google.com/store/apps/details/review/100395,user_195
Blinkit is great for groceries but I never think to order stationery here. Never saw an promo for this category.,3,2023-09-07T00:52:37+00:00,https://play.google.com/store/apps/details/review/100396,user_196
Good app but missing shampoo. Nykaa has better personal care range. Search never surfaces these products.,2,2024-11-10T14:09:33+00:00,https://play.google.com/store/apps/details/review/100397,user_197
Good app but missing earphones. Nykaa has better personal care range.,5,2024-12-01T19:16:13+00:00,https://play.google.com/store/apps/details/review/100398,user_198
I wish Blinkit had more brands in pet supplies. Zepto seems better for that. Price seems higher than competitors.,4,2023-03-24T17:33:38+00:00,https://play.google.com/store/apps/details/review/100399,user_199
