body,created_at,permalink,subreddit,kind
I use Blinkit only for emergency groceries. For groceries I go to Amazon. BigBasket still wins here for me.,2023-07-25T07:50:48+00:00,/r/IndianFood/comments/abc0/blinkit_groceries/,IndianFood,submission
Blinkit vs Zepto — which has better electronics? Instamart has better variety lately.,2023-05-19T18:30:14+00:00,/r/india/comments/abc1/blinkit_electronics/,india,submission
Blinkit vs Zepto — which has better health pharmacy? Nykaa feels safer for this purchase.,2024-04-09T21:02:50+00:00,/r/bangalore/comments/abc2/blinkit_health_pharmacy/,bangalore,comment
I use Blinkit only for emergency groceries. For personal care I go to Amazon. Amazon is my fallback always.,2023-08-10T21:56:54+00:00,/r/india/comments/abc3/blinkit_personal_care/,india,submission
Blinkit vs Zepto — which has better personal care? Would buy if assortment improved.,2024-06-29T13:13:37+00:00,/r/bangalore/comments/abc4/blinkit_personal_care/,bangalore,submission
I use Blinkit only for emergency groceries. For groceries I go to Amazon. Needs better in-app discovery.,2024-11-18T05:15:57+00:00,/r/bangalore/comments/abc5/blinkit_groceries/,bangalore,submission
Does anyone order baby care on Blinkit? Can't find diapers there. Never saw an promo for this category.,2023-07-11T07:38:02+00:00,/r/pets/comments/abc6/blinkit_baby_care/,pets,comment
Blinkit vs Zepto — which has better health pharmacy? Category tab feels hidden.,2024-05-03T13:32:47+00:00,/r/bangalore/comments/abc7/blinkit_health_pharmacy/,bangalore,submission
I use Blinkit only for emergency groceries. For stationery I go to Amazon. Search never surfaces these products.,2023-05-11T21:01:11+00:00,/r/bangalore/comments/abc8/blinkit_stationery/,bangalore,comment
I use Blinkit only for emergency groceries. For pet supplies I go to Amazon. Price seems higher than competitors.,2024-04-13T14:18:08+00:00,/r/bangalore/comments/abc9/blinkit_pet_supplies/,bangalore,submission
Blinkit vs Zepto — which has better groceries?,2023-03-26T18:29:04+00:00,/r/bangalore/comments/abc10/blinkit_groceries/,bangalore,comment
Does anyone order groceries on Blinkit? Can't find milk there. Delivery was fine though.,2024-01-10T12:10:45+00:00,/r/IndianFood/comments/abc11/blinkit_groceries/,IndianFood,submission
Blinkit vs Zepto — which has better pet supplies? Might switch to Zepto next time.,2024-05-06T14:57:20+00:00,/r/bangalore/comments/abc12/blinkit_pet_supplies/,bangalore,comment
Blinkit vs Zepto — which has better groceries? Been using Blinkit for two years.,2025-04-28T17:38:10+00:00,/r/bangalore/comments/abc13/blinkit_groceries/,bangalore,comment
Does anyone order baby care on Blinkit? Can't find diapers there. Same thought last month.,2023-04-15T21:47:48+00:00,/r/india/comments/abc14/blinkit_baby_care/,india,comment
Does anyone order electronics on Blinkit? Can't find earphones there. Noticed this after the app update.,2023-04-04T22:26:32+00:00,/r/IndianFood/comments/abc15/blinkit_electronics/,IndianFood,comment
Blinkit vs Zepto — which has better groceries? My friends feel the same.,2024-09-16T21:59:20+00:00,/r/india/comments/abc16/blinkit_groceries/,india,submission
Does anyone order stationery on Blinkit? Can't find notebooks there. Especially in Bangalore.,2024-04-26T10:09:58+00:00,/r/india/comments/abc17/blinkit_stationery/,india,submission
I use Blinkit only for emergency groceries. For personal care I go to Amazon. Happens every reorder cycle.,2024-05-22T14:08:02+00:00,/r/IndianFood/comments/abc18/blinkit_personal_care/,IndianFood,submission
I use Blinkit only for emergency groceries. For stationery I go to Amazon. Wish the homepage showed this category.,2024-11-10T14:39:42+00:00,/r/bangalore/comments/abc19/blinkit_stationery/,bangalore,submission
Does anyone order electronics on Blinkit? Can't find earphones there. BigBasket still wins here for me.,2024-11-05T22:43:20+00:00,/r/india/comments/abc20/blinkit_electronics/,india,comment
Blinkit vs Zepto — which has better pet supplies? Instamart has better variety lately.,2023-09-30T20:33:14+00:00,/r/india/comments/abc21/blinkit_pet_supplies/,india,submission
I use Blinkit only for emergency groceries. For personal care I go to Amazon. Nykaa feels safer for this purchase.,2023-01-18T15:10:52+00:00,/r/bangalore/comments/abc22/blinkit_personal_care/,bangalore,comment
I use Blinkit only for emergency groceries. For health pharmacy I go to Amazon. Amazon is my fallback always.,2025-03-14T11:27:54+00:00,/r/StartupsIndia/comments/abc23/blinkit_health_pharmacy/,StartupsIndia,submission
Does anyone order health pharmacy on Blinkit? Can't find vitamins there. Would buy if assortment improved.,2024-02-22T12:15:58+00:00,/r/india/comments/abc24/blinkit_health_pharmacy/,india,submission
Blinkit vs Zepto — which has better health pharmacy? Needs better in-app discovery.,2024-02-27T12:10:17+00:00,/r/pets/comments/abc25/blinkit_health_pharmacy/,pets,submission
I use Blinkit only for emergency groceries. For stationery I go to Amazon. Never saw an promo for this category.,2023-04-30T17:22:44+00:00,/r/IndianFood/comments/abc26/blinkit_stationery/,IndianFood,comment
Does anyone order health pharmacy on Blinkit? Can't find vitamins there. Category tab feels hidden.,2025-02-15T02:48:39+00:00,/r/pets/comments/abc27/blinkit_health_pharmacy/,pets,submission
Does anyone order health pharmacy on Blinkit? Can't find vitamins there. Search never surfaces these products.,2024-02-01T07:25:00+00:00,/r/india/comments/abc28/blinkit_health_pharmacy/,india,submission
I use Blinkit only for emergency groceries. For electronics I go to Amazon. Price seems higher than competitors.,2025-03-01T10:22:00+00:00,/r/india/comments/abc29/blinkit_electronics/,india,submission
Does anyone order pet supplies on Blinkit? Can't find dog food there.,2023-03-13T10:18:56+00:00,/r/IndianFood/comments/abc30/blinkit_pet_supplies/,IndianFood,comment
Does anyone order groceries on Blinkit? Can't find milk there. Might switch to Zepto next time.,2023-10-06T00:08:49+00:00,/r/india/comments/abc31/blinkit_groceries/,india,comment
Blinkit vs Zepto — which has better electronics? Might switch to Zepto next time.,2024-01-21T15:55:20+00:00,/r/IndianFood/comments/abc32/blinkit_electronics/,IndianFood,comment
Does anyone order stationery on Blinkit? Can't find notebooks there. Been using Blinkit for two years.,2024-08-02T03:17:45+00:00,/r/india/comments/abc33/blinkit_stationery/,india,submission
Does anyone order personal care on Blinkit? Can't find shampoo there. Same thought last month.,2025-03-12T05:27:11+00:00,/r/india/comments/abc34/blinkit_personal_care/,india,comment
Blinkit vs Zepto — which has better baby care? Noticed this after the app update.,2024-03-14T13:09:46+00:00,/r/StartupsIndia/comments/abc35/blinkit_baby_care/,StartupsIndia,comment
I use Blinkit only for emergency groceries. For baby care I go to Amazon. My friends feel the same.,2024-12-10T12:43:54+00:00,/r/india/comments/abc36/blinkit_baby_care/,india,comment
Blinkit vs Zepto — which has better electronics? Especially in Bangalore.,2025-05-25T20:14:19+00:00,/r/StartupsIndia/comments/abc37/blinkit_electronics/,StartupsIndia,submission
Blinkit vs Zepto — which has better home essentials? Happens every reorder cycle.,2025-02-05T09:49:08+00:00,/r/bangalore/comments/abc38/blinkit_home_essentials/,bangalore,submission
Does anyone order personal care on Blinkit? Can't find shampoo there. Wish the homepage showed this category.,2024-09-28T23:15:15+00:00,/r/india/comments/abc39/blinkit_personal_care/,india,submission
I use Blinkit only for emergency groceries. For health pharmacy I go to Amazon. BigBasket still wins here for me.,2023-01-15T21:43:14+00:00,/r/StartupsIndia/comments/abc40/blinkit_health_pharmacy/,StartupsIndia,submission
I use Blinkit only for emergency groceries. For groceries I go to Amazon. Instamart has better variety lately.,2024-04-22T16:49:39+00:00,/r/india/comments/abc41/blinkit_groceries/,india,submission
Blinkit vs Zepto — which has better electronics? Nykaa feels safer for this purchase.,2025-02-03T08:09:57+00:00,/r/india/comments/abc42/blinkit_electronics/,india,submission
Does anyone order stationery on Blinkit? Can't find notebooks there. Amazon is my fallback always.,2023-03-10T04:43:13+00:00,/r/bangalore/comments/abc43/blinkit_stationery/,bangalore,comment
Blinkit vs Zepto — which has better health pharmacy? Would buy if assortment improved.,2023-05-12T21:23:29+00:00,/r/pets/comments/abc44/blinkit_health_pharmacy/,pets,submission
I use Blinkit only for emergency groceries. For personal care I go to Amazon. Needs better in-app discovery.,2024-09-04T14:28:54+00:00,/r/india/comments/abc45/blinkit_personal_care/,india,submission
I use Blinkit only for emergency groceries. For groceries I go to Amazon. Never saw an promo for this category.,2023-07-23T01:09:29+00:00,/r/bangalore/comments/abc46/blinkit_groceries/,bangalore,comment
Blinkit vs Zepto — which has better stationery? Category tab feels hidden.,2024-09-02T10:20:14+00:00,/r/StartupsIndia/comments/abc47/blinkit_stationery/,StartupsIndia,comment
Blinkit vs Zepto — which has better home essentials? Search never surfaces these products.,2023-12-29T21:39:28+00:00,/r/india/comments/abc48/blinkit_home_essentials/,india,submission
I use Blinkit only for emergency groceries. For personal care I go to Amazon. Price seems higher than competitors.,2023-06-19T06:48:06+00:00,/r/bangalore/comments/abc49/blinkit_personal_care/,bangalore,submission
Blinkit vs Zepto — which has better personal care?,2024-12-24T23:47:38+00:00,/r/StartupsIndia/comments/abc50/blinkit_personal_care/,StartupsIndia,comment
I use Blinkit only for emergency groceries. For baby care I go to Amazon. Delivery was fine though.,2024-07-10T13:55:26+00:00,/r/bangalore/comments/abc51/blinkit_baby_care/,bangalore,comment
Blinkit vs Zepto — which has better stationery? Might switch to Zepto next time.,2024-02-16T16:12:41+00:00,/r/india/comments/abc52/blinkit_stationery/,india,submission
I use Blinkit only for emergency groceries. For personal care I go to Amazon. Been using Blinkit for two years.,2024-04-17T13:57:23+00:00,/r/pets/comments/abc53/blinkit_personal_care/,pets,submission
Blinkit vs Zepto — which has better electronics? Same thought last month.,2023-08-19T09:54:43+00:00,/r/india/comments/abc54/blinkit_electronics/,india,submission
Blinkit vs Zepto — which has better health pharmacy? Noticed this after the app update.,2025-03-08T15:09:51+00:00,/r/india/comments/abc55/blinkit_health_pharmacy/,india,comment
Does anyone order stationery on Blinkit? Can't find notebooks there. My friends feel the same.,2023-02-18T06:49:27+00:00,/r/IndianFood/comments/abc56/blinkit_stationery/,IndianFood,comment
Does anyone order electronics on Blinkit? Can't find earphones there. Especially in Bangalore.,2024-12-18T18:13:15+00:00,/r/india/comments/abc57/blinkit_electronics/,india,submission
Does anyone order baby care on Blinkit? Can't find diapers there. Happens every reorder cycle.,2023-04-06T19:11:37+00:00,/r/bangalore/comments/abc58/blinkit_baby_care/,bangalore,submission
Blinkit vs Zepto — which has better electronics? Wish the homepage showed this category.,2024-08-01T06:06:12+00:00,/r/india/comments/abc59/blinkit_electronics/,india,comment
Does anyone order baby care on Blinkit? Can't find diapers there. BigBasket still wins here for me.,2023-04-11T03:41:30+00:00,/r/bangalore/comments/abc60/blinkit_baby_care/,bangalore,comment
Does anyone order personal care on Blinkit? Can't find shampoo there. Instamart has better variety lately.,2024-05-30T01:04:33+00:00,/r/india/comments/abc61/blinkit_personal_care/,india,submission
Does anyone order home essentials on Blinkit? Can't find detergent there. Nykaa feels safer for this purchase.,2023-09-18T23:05:29+00:00,/r/pets/comments/abc62/blinkit_home_essentials/,pets,comment
Blinkit vs Zepto — which has better groceries? Amazon is my fallback always.,2023-02-15T19:10:46+00:00,/r/IndianFood/comments/abc63/blinkit_groceries/,IndianFood,comment
Blinkit vs Zepto — which has better personal care? Needs better in-app discovery.,2023-11-30T13:11:47+00:00,/r/bangalore/comments/abc64/blinkit_personal_care/,bangalore,comment
Blinkit vs Zepto — which has better stationery? Needs better in-app discovery.,2023-08-19T21:22:50+00:00,/r/india/comments/abc65/blinkit_stationery/,india,submission
Blinkit vs Zepto — which has better stationery? Never saw an promo for this category.,2024-10-02T00:10:57+00:00,/r/pets/comments/abc66/blinkit_stationery/,pets,comment
Does anyone order pet supplies on Blinkit? Can't find dog food there. Category tab feels hidden.,2024-03-10T14:48:17+00:00,/r/IndianFood/comments/abc67/blinkit_pet_supplies/,IndianFood,submission
Does anyone order groceries on Blinkit? Can't find milk there. Search never surfaces these products.,2025-03-27T19:46:08+00:00,/r/bangalore/comments/abc68/blinkit_groceries/,bangalore,submission
I use Blinkit only for emergency groceries. For groceries I go to Amazon. Price seems higher than competitors.,2024-07-11T20:40:11+00:00,/r/IndianFood/comments/abc69/blinkit_groceries/,IndianFood,comment
I use Blinkit only for emergency groceries. For health pharmacy I go to Amazon.,2025-02-19T10:34:41+00:00,/r/StartupsIndia/comments/abc70/blinkit_health_pharmacy/,StartupsIndia,comment
Does anyone order stationery on Blinkit? Can't find notebooks there. Delivery was fine though.,2023-02-10T11:41:52+00:00,/r/StartupsIndia/comments/abc71/blinkit_stationery/,StartupsIndia,submission
Blinkit vs Zepto — which has better pet supplies? Been using Blinkit for two years.,2023-04-02T00:26:21+00:00,/r/IndianFood/comments/abc72/blinkit_pet_supplies/,IndianFood,comment
Does anyone order electronics on Blinkit? Can't find earphones there. Been using Blinkit for two years.,2023-06-05T13:16:43+00:00,/r/bangalore/comments/abc73/blinkit_electronics/,bangalore,submission
I use Blinkit only for emergency groceries. For stationery I go to Amazon. Same thought last month.,2023-03-28T20:25:32+00:00,/r/bangalore/comments/abc74/blinkit_stationery/,bangalore,comment
Does anyone order health pharmacy on Blinkit? Can't find vitamins there. Noticed this after the app update.,2023-10-01T13:29:51+00:00,/r/bangalore/comments/abc75/blinkit_health_pharmacy/,bangalore,comment
I use Blinkit only for emergency groceries. For health pharmacy I go to Amazon. My friends feel the same.,2023-02-13T19:37:01+00:00,/r/StartupsIndia/comments/abc76/blinkit_health_pharmacy/,StartupsIndia,submission
Blinkit vs Zepto — which has better electronics? Happens every reorder cycle.,2025-04-22T03:52:12+00:00,/r/StartupsIndia/comments/abc77/blinkit_electronics/,StartupsIndia,submission
Does anyone order home essentials on Blinkit? Can't find detergent there. Happens every reorder cycle.,2023-05-21T05:02:20+00:00,/r/india/comments/abc78/blinkit_home_essentials/,india,submission
Does anyone order electronics on Blinkit? Can't find earphones there. Wish the homepage showed this category.,2025-03-28T19:25:23+00:00,/r/IndianFood/comments/abc79/blinkit_electronics/,IndianFood,submission
I use Blinkit only for emergency groceries. For health pharmacy I go to Amazon. Instamart has better variety lately.,2023-11-09T23:08:11+00:00,/r/bangalore/comments/abc80/blinkit_health_pharmacy/,bangalore,comment
Blinkit vs Zepto — which has better personal care? Instamart has better variety lately.,2023-04-03T12:24:26+00:00,/r/india/comments/abc81/blinkit_personal_care/,india,submission
Does anyone order personal care on Blinkit? Can't find shampoo there. Nykaa feels safer for this purchase.,2025-03-28T13:41:42+00:00,/r/StartupsIndia/comments/abc82/blinkit_personal_care/,StartupsIndia,submission
I use Blinkit only for emergency groceries. For health pharmacy I go to Amazon. Would buy if assortment improved.,2024-09-06T12:52:17+00:00,/r/pets/comments/abc83/blinkit_health_pharmacy/,pets,submission
Blinkit vs Zepto — which has better health pharmacy? Never saw an promo for this category.,2024-05-16T03:31:09+00:00,/r/bangalore/comments/abc84/blinkit_health_pharmacy/,bangalore,submission
I use Blinkit only for emergency groceries. For groceries I go to Amazon. Category tab feels hidden.,2025-01-26T20:07:59+00:00,/r/StartupsIndia/comments/abc85/blinkit_groceries/,StartupsIndia,submission
Does anyone order health pharmacy on Blinkit? Can't find vitamins there. Never saw an promo for this category.,2023-09-30T09:34:57+00:00,/r/IndianFood/comments/abc86/blinkit_health_pharmacy/,IndianFood,comment
Does anyone order stationery on Blinkit? Can't find notebooks there. Category tab feels hidden.,2023-10-04T01:26:42+00:00,/r/india/comments/abc87/blinkit_stationery/,india,comment
Does anyone order pet supplies on Blinkit? Can't find dog food there. Search never surfaces these products.,2024-05-09T07:59:10+00:00,/r/pets/comments/abc88/blinkit_pet_supplies/,pets,submission
Blinkit vs Zepto — which has better baby care? Price seems higher than competitors.,2023-08-07T11:33:53+00:00,/r/StartupsIndia/comments/abc89/blinkit_baby_care/,StartupsIndia,submission
Blinkit vs Zepto — which has better electronics?,2024-05-11T08:31:11+00:00,/r/bangalore/comments/abc90/blinkit_electronics/,bangalore,submission
Blinkit vs Zepto — which has better health pharmacy? Delivery was fine though.,2023-01-18T16:51:34+00:00,/r/StartupsIndia/comments/abc91/blinkit_health_pharmacy/,StartupsIndia,submission
I use Blinkit only for emergency groceries. For electronics I go to Amazon. Might switch to Zepto next time.,2023-04-16T07:34:21+00:00,/r/StartupsIndia/comments/abc92/blinkit_electronics/,StartupsIndia,comment
I use Blinkit only for emergency groceries. For baby care I go to Amazon. Been using Blinkit for two years.,2023-01-02T23:45:54+00:00,/r/india/comments/abc93/blinkit_baby_care/,india,comment
I use Blinkit only for emergency groceries. For home essentials I go to Amazon. Same thought last month.,2024-10-13T21:48:22+00:00,/r/bangalore/comments/abc94/blinkit_home_essentials/,bangalore,comment
Blinkit vs Zepto — which has better home essentials? Noticed this after the app update.,2024-06-29T14:50:49+00:00,/r/pets/comments/abc95/blinkit_home_essentials/,pets,comment
Blinkit vs Zepto — which has better baby care? My friends feel the same.,2023-12-17T10:20:01+00:00,/r/bangalore/comments/abc96/blinkit_baby_care/,bangalore,comment
Does anyone order baby care on Blinkit? Can't find diapers there. Especially in Bangalore.,2024-04-03T02:59:24+00:00,/r/india/comments/abc97/blinkit_baby_care/,india,comment
Does anyone order stationery on Blinkit? Can't find notebooks there. Happens every reorder cycle.,2023-04-26T06:23:29+00:00,/r/StartupsIndia/comments/abc98/blinkit_stationery/,StartupsIndia,submission
Does anyone order groceries on Blinkit? Can't find milk there. Wish the homepage showed this category.,2023-04-27T12:17:34+00:00,/r/pets/comments/abc99/blinkit_groceries/,pets,submission
I use Blinkit only for emergency groceries. For health pharmacy I go to Amazon. Nykaa feels safer for this purchase.,2025-01-19T21:43:54+00:00,/r/india/comments/abc100/blinkit_health_pharmacy/,india,comment
I use Blinkit only for emergency groceries. For personal care I go to Amazon. Instamart has better variety lately.,2024-11-05T12:09:49+00:00,/r/bangalore/comments/abc101/blinkit_personal_care/,bangalore,submission
Blinkit vs Zepto — which has better baby care? Nykaa feels safer for this purchase.,2023-11-16T07:28:37+00:00,/r/bangalore/comments/abc102/blinkit_baby_care/,bangalore,comment
I use Blinkit only for emergency groceries. For stationery I go to Amazon. Amazon is my fallback always.,2024-03-13T07:56:27+00:00,/r/StartupsIndia/comments/abc103/blinkit_stationery/,StartupsIndia,submission
Does anyone order baby care on Blinkit? Can't find diapers there. Would buy if assortment improved.,2024-09-02T08:27:22+00:00,/r/pets/comments/abc104/blinkit_baby_care/,pets,comment
Does anyone order personal care on Blinkit? Can't find shampoo there. Needs better in-app discovery.,2024-07-14T12:40:38+00:00,/r/india/comments/abc105/blinkit_personal_care/,india,comment
Blinkit vs Zepto — which has better baby care? Never saw an promo for this category.,2025-01-16T03:56:26+00:00,/r/bangalore/comments/abc106/blinkit_baby_care/,bangalore,submission
Does anyone order pet supplies on Blinkit? Can't find dog food there. Price seems higher than competitors.,2023-09-23T09:05:08+00:00,/r/StartupsIndia/comments/abc107/blinkit_pet_supplies/,StartupsIndia,submission
Does anyone order home essentials on Blinkit? Can't find detergent there. Search never surfaces these products.,2024-04-24T00:14:52+00:00,/r/IndianFood/comments/abc108/blinkit_home_essentials/,IndianFood,comment
I use Blinkit only for emergency groceries. For home essentials I go to Amazon. Price seems higher than competitors.,2024-02-16T16:04:48+00:00,/r/india/comments/abc109/blinkit_home_essentials/,india,comment
Blinkit vs Zepto — which has better personal care? Delivery was fine though.,2024-08-15T13:18:26+00:00,/r/StartupsIndia/comments/abc110/blinkit_personal_care/,StartupsIndia,submission
Does anyone order home essentials on Blinkit? Can't find detergent there. Delivery was fine though.,2024-02-14T00:23:06+00:00,/r/IndianFood/comments/abc111/blinkit_home_essentials/,IndianFood,comment
Does anyone order stationery on Blinkit? Can't find notebooks there. Might switch to Zepto next time.,2024-02-22T04:43:00+00:00,/r/pets/comments/abc112/blinkit_stationery/,pets,submission
I use Blinkit only for emergency groceries. For personal care I go to Amazon. Same thought last month.,2023-05-31T05:20:06+00:00,/r/india/comments/abc113/blinkit_personal_care/,india,comment
I use Blinkit only for emergency groceries. For groceries I go to Amazon. Same thought last month.,2023-12-20T10:17:25+00:00,/r/pets/comments/abc114/blinkit_groceries/,pets,submission
I use Blinkit only for emergency groceries. For groceries I go to Amazon. Noticed this after the app update.,2024-10-12T07:44:05+00:00,/r/pets/comments/abc115/blinkit_groceries/,pets,comment
Blinkit vs Zepto — which has better electronics? My friends feel the same.,2024-04-09T06:00:51+00:00,/r/india/comments/abc116/blinkit_electronics/,india,comment
I use Blinkit only for emergency groceries. For pet supplies I go to Amazon. Especially in Bangalore.,2025-03-13T20:20:56+00:00,/r/pets/comments/abc117/blinkit_pet_supplies/,pets,submission
Blinkit vs Zepto — which has better baby care? Happens every reorder cycle.,2023-09-26T13:23:42+00:00,/r/bangalore/comments/abc118/blinkit_baby_care/,bangalore,submission
Does anyone order electronics on Blinkit? Can't find earphones there. Instamart has better variety lately.,2023-03-08T07:04:22+00:00,/r/IndianFood/comments/abc119/blinkit_electronics/,IndianFood,submission
Does anyone order groceries on Blinkit? Can't find milk there. BigBasket still wins here for me.,2023-08-18T17:18:02+00:00,/r/pets/comments/abc120/blinkit_groceries/,pets,comment
I use Blinkit only for emergency groceries. For health pharmacy I go to Amazon. Needs better in-app discovery.,2023-04-15T02:23:12+00:00,/r/india/comments/abc121/blinkit_health_pharmacy/,india,comment
I use Blinkit only for emergency groceries. For groceries I go to Amazon. Nykaa feels safer for this purchase.,2024-05-21T14:53:18+00:00,/r/StartupsIndia/comments/abc122/blinkit_groceries/,StartupsIndia,comment
I use Blinkit only for emergency groceries. For pet supplies I go to Amazon. Amazon is my fallback always.,2025-03-22T18:31:25+00:00,/r/IndianFood/comments/abc123/blinkit_pet_supplies/,IndianFood,submission
Does anyone order groceries on Blinkit? Can't find milk there. Would buy if assortment improved.,2023-08-19T05:17:12+00:00,/r/pets/comments/abc124/blinkit_groceries/,pets,submission
I use Blinkit only for emergency groceries. For baby care I go to Amazon. Needs better in-app discovery.,2023-06-06T21:11:47+00:00,/r/StartupsIndia/comments/abc125/blinkit_baby_care/,StartupsIndia,comment
Blinkit vs Zepto — which has better groceries? Never saw an promo for this category.,2024-08-18T00:53:44+00:00,/r/IndianFood/comments/abc126/blinkit_groceries/,IndianFood,comment
Does anyone order pet supplies on Blinkit? Can't find dog food there. Delivery was fine though.,2024-03-03T20:11:00+00:00,/r/IndianFood/comments/abc127/blinkit_pet_supplies/,IndianFood,submission
Does anyone order groceries on Blinkit? Can't find milk there. Price seems higher than competitors.,2024-09-06T20:13:22+00:00,/r/StartupsIndia/comments/abc128/blinkit_groceries/,StartupsIndia,submission
I use Blinkit only for emergency groceries. For pet supplies I go to Amazon.,2025-01-08T05:25:05+00:00,/r/StartupsIndia/comments/abc129/blinkit_pet_supplies/,StartupsIndia,comment
Blinkit vs Zepto — which has better pet supplies?,2024-04-15T18:42:27+00:00,/r/StartupsIndia/comments/abc130/blinkit_pet_supplies/,StartupsIndia,comment
I use Blinkit only for emergency groceries. For home essentials I go to Amazon. Delivery was fine though.,2023-06-02T13:48:34+00:00,/r/bangalore/comments/abc131/blinkit_home_essentials/,bangalore,submission
I use Blinkit only for emergency groceries. For stationery I go to Amazon. Might switch to Zepto next time.,2024-11-19T08:21:39+00:00,/r/StartupsIndia/comments/abc132/blinkit_stationery/,StartupsIndia,comment
I use Blinkit only for emergency groceries. For groceries I go to Amazon. Been using Blinkit for two years.,2023-05-19T16:51:18+00:00,/r/bangalore/comments/abc133/blinkit_groceries/,bangalore,comment
Blinkit vs Zepto — which has better electronics? Noticed this after the app update.,2025-01-22T13:59:24+00:00,/r/pets/comments/abc134/blinkit_electronics/,pets,comment
I use Blinkit only for emergency groceries. For pet supplies I go to Amazon. Noticed this after the app update.,2023-09-04T22:55:20+00:00,/r/india/comments/abc135/blinkit_pet_supplies/,india,comment
Does anyone order groceries on Blinkit? Can't find milk there. My friends feel the same.,2025-03-25T10:48:24+00:00,/r/pets/comments/abc136/blinkit_groceries/,pets,submission
Does anyone order personal care on Blinkit? Can't find shampoo there. Especially in Bangalore.,2023-11-08T19:38:11+00:00,/r/india/comments/abc137/blinkit_personal_care/,india,submission
Blinkit vs Zepto — which has better pet supplies? Happens every reorder cycle.,2023-03-20T12:59:11+00:00,/r/StartupsIndia/comments/abc138/blinkit_pet_supplies/,StartupsIndia,submission
Blinkit vs Zepto — which has better stationery? Wish the homepage showed this category.,2024-12-22T03:19:07+00:00,/r/pets/comments/abc139/blinkit_stationery/,pets,comment
I use Blinkit only for emergency groceries. For baby care I go to Amazon. BigBasket still wins here for me.,2023-02-17T11:28:42+00:00,/r/bangalore/comments/abc140/blinkit_baby_care/,bangalore,comment
I use Blinkit only for emergency groceries. For home essentials I go to Amazon. Instamart has better variety lately.,2024-11-23T23:56:29+00:00,/r/bangalore/comments/abc141/blinkit_home_essentials/,bangalore,comment
Blinkit vs Zepto — which has better health pharmacy? Amazon is my fallback always.,2023-09-12T00:13:45+00:00,/r/StartupsIndia/comments/abc142/blinkit_health_pharmacy/,StartupsIndia,submission
Does anyone order stationery on Blinkit? Can't find notebooks there. Would buy if assortment improved.,2024-08-23T12:12:46+00:00,/r/india/comments/abc143/blinkit_stationery/,india,submission
Does anyone order electronics on Blinkit? Can't find earphones there. Would buy if assortment improved.,2023-12-16T16:47:06+00:00,/r/bangalore/comments/abc144/blinkit_electronics/,bangalore,comment
I use Blinkit only for emergency groceries. For groceries I go to Amazon. Search never surfaces these products.,2023-02-01T03:36:21+00:00,/r/india/comments/abc145/blinkit_groceries/,india,comment
I use Blinkit only for emergency groceries. For personal care I go to Amazon. Never saw an promo for this category.,2023-09-27T01:23:18+00:00,/r/pets/comments/abc146/blinkit_personal_care/,pets,submission
Blinkit vs Zepto — which has better electronics? Category tab feels hidden.,2024-04-19T12:21:46+00:00,/r/StartupsIndia/comments/abc147/blinkit_electronics/,StartupsIndia,comment
Blinkit vs Zepto — which has better groceries? Search never surfaces these products.,2024-12-14T00:41:11+00:00,/r/StartupsIndia/comments/abc148/blinkit_groceries/,StartupsIndia,submission
Blinkit vs Zepto — which has better home essentials? Price seems higher than competitors.,2025-03-19T18:47:15+00:00,/r/pets/comments/abc149/blinkit_home_essentials/,pets,comment
Does anyone order baby care on Blinkit? Can't find diapers there.,2025-03-05T14:36:48+00:00,/r/StartupsIndia/comments/abc150/blinkit_baby_care/,StartupsIndia,comment
I use Blinkit only for emergency groceries. For stationery I go to Amazon. Delivery was fine though.,2023-06-17T22:25:44+00:00,/r/IndianFood/comments/abc151/blinkit_stationery/,IndianFood,submission
Blinkit vs Zepto — which has better health pharmacy? Might switch to Zepto next time.,2024-05-20T01:59:18+00:00,/r/StartupsIndia/comments/abc152/blinkit_health_pharmacy/,StartupsIndia,comment
Does anyone order stationery on Blinkit? Can't find notebooks there. Same thought last month.,2023-08-21T21:46:09+00:00,/r/pets/comments/abc153/blinkit_stationery/,pets,submission
I use Blinkit only for emergency groceries. For pet supplies I go to Amazon. Same thought last month.,2024-09-19T17:52:52+00:00,/r/StartupsIndia/comments/abc154/blinkit_pet_supplies/,StartupsIndia,submission
I use Blinkit only for emergency groceries. For pet supplies I go to Amazon. My friends feel the same.,2025-02-11T15:24:10+00:00,/r/StartupsIndia/comments/abc155/blinkit_pet_supplies/,StartupsIndia,comment
Blinkit vs Zepto — which has better groceries? Especially in Bangalore.,2024-08-26T03:56:17+00:00,/r/india/comments/abc156/blinkit_groceries/,india,submission
I use Blinkit only for emergency groceries. For health pharmacy I go to Amazon. Especially in Bangalore.,2023-12-12T10:18:02+00:00,/r/pets/comments/abc157/blinkit_health_pharmacy/,pets,comment
I use Blinkit only for emergency groceries. For health pharmacy I go to Amazon. Happens every reorder cycle.,2024-04-11T08:04:27+00:00,/r/bangalore/comments/abc158/blinkit_health_pharmacy/,bangalore,submission
Does anyone order stationery on Blinkit? Can't find notebooks there. Wish the homepage showed this category.,2025-01-01T07:58:59+00:00,/r/bangalore/comments/abc159/blinkit_stationery/,bangalore,comment
I use Blinkit only for emergency groceries. For personal care I go to Amazon. BigBasket still wins here for me.,2024-06-05T09:17:06+00:00,/r/india/comments/abc160/blinkit_personal_care/,india,submission
Does anyone order health pharmacy on Blinkit? Can't find vitamins there. Instamart has better variety lately.,2024-04-22T00:58:07+00:00,/r/IndianFood/comments/abc161/blinkit_health_pharmacy/,IndianFood,comment
Blinkit vs Zepto — which has better health pharmacy? Search never surfaces these products.,2024-04-01T19:01:13+00:00,/r/IndianFood/comments/abc162/blinkit_health_pharmacy/,IndianFood,submission
Does anyone order home essentials on Blinkit? Can't find detergent there. Amazon is my fallback always.,2023-04-21T15:06:54+00:00,/r/IndianFood/comments/abc163/blinkit_home_essentials/,IndianFood,submission
I use Blinkit only for emergency groceries. For baby care I go to Amazon. Would buy if assortment improved.,2024-08-15T21:39:35+00:00,/r/pets/comments/abc164/blinkit_baby_care/,pets,comment
Does anyone order groceries on Blinkit? Can't find milk there. Needs better in-app discovery.,2023-08-23T05:25:41+00:00,/r/bangalore/comments/abc165/blinkit_groceries/,bangalore,submission
Blinkit vs Zepto — which has better health pharmacy? Price seems higher than competitors.,2024-12-11T19:29:58+00:00,/r/bangalore/comments/abc166/blinkit_health_pharmacy/,bangalore,comment
Does anyone order personal care on Blinkit? Can't find shampoo there. Category tab feels hidden.,2025-01-27T10:19:53+00:00,/r/StartupsIndia/comments/abc167/blinkit_personal_care/,StartupsIndia,submission
I use Blinkit only for emergency groceries. For health pharmacy I go to Amazon. Search never surfaces these products.,2023-04-01T02:54:12+00:00,/r/india/comments/abc168/blinkit_health_pharmacy/,india,comment
Does anyone order stationery on Blinkit? Can't find notebooks there. Price seems higher than competitors.,2023-09-19T22:04:41+00:00,/r/pets/comments/abc169/blinkit_stationery/,pets,submission
Does anyone order home essentials on Blinkit? Can't find detergent there.,2023-07-21T00:36:13+00:00,/r/pets/comments/abc170/blinkit_home_essentials/,pets,comment
Blinkit vs Zepto — which has better groceries? Delivery was fine though.,2024-10-28T11:13:40+00:00,/r/IndianFood/comments/abc171/blinkit_groceries/,IndianFood,comment
Does anyone order pet supplies on Blinkit? Can't find dog food there. Might switch to Zepto next time.,2025-04-09T04:51:28+00:00,/r/bangalore/comments/abc172/blinkit_pet_supplies/,bangalore,comment
Blinkit vs Zepto — which has better pet supplies? Same thought last month.,2025-04-04T22:22:28+00:00,/r/bangalore/comments/abc173/blinkit_pet_supplies/,bangalore,submission
I use Blinkit only for emergency groceries. For pet supplies I go to Amazon. Happens every reorder cycle.,2024-01-22T12:47:54+00:00,/r/bangalore/comments/abc174/blinkit_pet_supplies/,bangalore,comment
Does anyone order stationery on Blinkit? Can't find notebooks there. Noticed this after the app update.,2023-06-09T13:14:24+00:00,/r/IndianFood/comments/abc175/blinkit_stationery/,IndianFood,comment
Does anyone order personal care on Blinkit? Can't find shampoo there. My friends feel the same.,2023-03-13T00:30:13+00:00,/r/StartupsIndia/comments/abc176/blinkit_personal_care/,StartupsIndia,comment
I use Blinkit only for emergency groceries. For home essentials I go to Amazon. Especially in Bangalore.,2025-03-19T05:45:28+00:00,/r/pets/comments/abc177/blinkit_home_essentials/,pets,comment
I use Blinkit only for emergency groceries. For groceries I go to Amazon. Happens every reorder cycle.,2023-07-27T20:01:53+00:00,/r/StartupsIndia/comments/abc178/blinkit_groceries/,StartupsIndia,comment
Does anyone order health pharmacy on Blinkit? Can't find vitamins there. Wish the homepage showed this category.,2023-09-14T03:18:09+00:00,/r/IndianFood/comments/abc179/blinkit_health_pharmacy/,IndianFood,submission
Does anyone order electronics on Blinkit? Can't find earphones there. Nykaa feels safer for this purchase.,2023-07-23T19:42:21+00:00,/r/bangalore/comments/abc180/blinkit_electronics/,bangalore,submission
Does anyone order personal care on Blinkit? Can't find shampoo there. Amazon is my fallback always.,2024-07-23T11:31:11+00:00,/r/india/comments/abc181/blinkit_personal_care/,india,comment
I use Blinkit only for emergency groceries. For stationery I go to Amazon. Nykaa feels safer for this purchase.,2023-03-17T11:27:11+00:00,/r/pets/comments/abc182/blinkit_stationery/,pets,submission
I use Blinkit only for emergency groceries. For baby care I go to Amazon. Amazon is my fallback always.,2023-01-31T16:01:35+00:00,/r/india/comments/abc183/blinkit_baby_care/,india,submission
Blinkit vs Zepto — which has better groceries? Would buy if assortment improved.,2024-08-13T16:53:16+00:00,/r/india/comments/abc184/blinkit_groceries/,india,comment
I use Blinkit only for emergency groceries. For home essentials I go to Amazon. Needs better in-app discovery.,2023-08-26T20:59:31+00:00,/r/bangalore/comments/abc185/blinkit_home_essentials/,bangalore,submission
Blinkit vs Zepto — which has better stationery? Search never surfaces these products.,2023-06-06T20:48:05+00:00,/r/pets/comments/abc186/blinkit_stationery/,pets,comment
Blinkit vs Zepto — which has better personal care? Category tab feels hidden.,2023-06-12T23:29:10+00:00,/r/pets/comments/abc187/blinkit_personal_care/,pets,submission
Does anyone order stationery on Blinkit? Can't find notebooks there. Search never surfaces these products.,2023-06-15T01:47:53+00:00,/r/IndianFood/comments/abc188/blinkit_stationery/,IndianFood,submission
Blinkit vs Zepto — which has better electronics? Price seems higher than competitors.,2025-03-23T16:18:01+00:00,/r/bangalore/comments/abc189/blinkit_electronics/,bangalore,comment
Blinkit vs Zepto — which has better groceries? Might switch to Zepto next time.,2023-09-07T03:09:40+00:00,/r/india/comments/abc190/blinkit_groceries/,india,comment
I use Blinkit only for emergency groceries. For electronics I go to Amazon. Delivery was fine though.,2025-01-16T16:27:02+00:00,/r/StartupsIndia/comments/abc191/blinkit_electronics/,StartupsIndia,submission
Does anyone order pet supplies on Blinkit? Can't find dog food there. Been using Blinkit for two years.,2023-05-19T06:15:58+00:00,/r/india/comments/abc192/blinkit_pet_supplies/,india,comment
Does anyone order personal care on Blinkit? Can't find shampoo there. Been using Blinkit for two years.,2025-03-05T21:45:29+00:00,/r/india/comments/abc193/blinkit_personal_care/,india,submission
I use Blinkit only for emergency groceries. For stationery I go to Amazon. Noticed this after the app update.,2023-12-26T02:16:48+00:00,/r/IndianFood/comments/abc194/blinkit_stationery/,IndianFood,comment
Blinkit vs Zepto — which has better stationery? Noticed this after the app update.,2023-03-19T19:07:30+00:00,/r/india/comments/abc195/blinkit_stationery/,india,submission
Blinkit vs Zepto — which has better pet supplies? My friends feel the same.,2024-07-13T13:46:33+00:00,/r/StartupsIndia/comments/abc196/blinkit_pet_supplies/,StartupsIndia,comment
Does anyone order baby care on Blinkit? Can't find diapers there. Wish the homepage showed this category.,2023-03-13T06:52:09+00:00,/r/india/comments/abc197/blinkit_baby_care/,india,submission
Blinkit vs Zepto — which has better personal care? Happens every reorder cycle.,2024-07-09T09:35:15+00:00,/r/IndianFood/comments/abc198/blinkit_personal_care/,IndianFood,comment
Blinkit vs Zepto — which has better baby care? Wish the homepage showed this category.,2024-06-16T09:37:45+00:00,/r/bangalore/comments/abc199/blinkit_baby_care/,bangalore,submission
Blinkit vs Zepto — which has better groceries? BigBasket still wins here for me.,2024-12-10T04:59:45+00:00,/r/StartupsIndia/comments/abc200/blinkit_groceries/,StartupsIndia,comment
Blinkit vs Zepto — which has better home essentials? Instamart has better variety lately.,2023-09-17T01:57:42+00:00,/r/india/comments/abc201/blinkit_home_essentials/,india,submission
Does anyone order pet supplies on Blinkit? Can't find dog food there. Nykaa feels safer for this purchase.,2023-06-11T02:42:17+00:00,/r/IndianFood/comments/abc202/blinkit_pet_supplies/,IndianFood,comment
Does anyone order home essentials on Blinkit? Can't find detergent there. Would buy if assortment improved.,2024-08-12T22:08:06+00:00,/r/StartupsIndia/comments/abc203/blinkit_home_essentials/,StartupsIndia,submission
Blinkit vs Zepto — which has better personal care? Never saw an promo for this category.,2025-01-28T06:32:10+00:00,/r/india/comments/abc204/blinkit_personal_care/,india,comment
Does anyone order home essentials on Blinkit? Can't find detergent there. Needs better in-app discovery.,2023-04-09T09:20:20+00:00,/r/StartupsIndia/comments/abc205/blinkit_home_essentials/,StartupsIndia,comment
I use Blinkit only for emergency groceries. For pet supplies I go to Amazon. Never saw an promo for this category.,2025-03-26T06:37:47+00:00,/r/pets/comments/abc206/blinkit_pet_supplies/,pets,submission
I use Blinkit only for emergency groceries. For health pharmacy I go to Amazon. Category tab feels hidden.,2025-03-23T14:41:59+00:00,/r/pets/comments/abc207/blinkit_health_pharmacy/,pets,submission
I use Blinkit only for emergency groceries. For groceries I go to Amazon.,2024-01-22T03:37:19+00:00,/r/IndianFood/comments/abc208/blinkit_groceries/,IndianFood,comment
Does anyone order groceries on Blinkit? Can't find milk there.,2025-05-17T08:34:54+00:00,/r/pets/comments/abc209/blinkit_groceries/,pets,submission
I use Blinkit only for emergency groceries. For pet supplies I go to Amazon. Delivery was fine though.,2023-09-01T18:40:35+00:00,/r/pets/comments/abc210/blinkit_pet_supplies/,pets,comment
Does anyone order home essentials on Blinkit? Can't find detergent there. Might switch to Zepto next time.,2023-04-27T07:10:42+00:00,/r/IndianFood/comments/abc211/blinkit_home_essentials/,IndianFood,comment
Blinkit vs Zepto — which has better electronics? Been using Blinkit for two years.,2024-03-08T02:26:58+00:00,/r/india/comments/abc212/blinkit_electronics/,india,submission
Blinkit vs Zepto — which has better groceries? Same thought last month.,2024-01-01T01:26:06+00:00,/r/india/comments/abc213/blinkit_groceries/,india,comment
I use Blinkit only for emergency groceries. For home essentials I go to Amazon. Noticed this after the app update.,2024-11-27T02:19:34+00:00,/r/india/comments/abc214/blinkit_home_essentials/,india,comment
Blinkit vs Zepto — which has better home essentials? My friends feel the same.,2023-07-04T09:42:43+00:00,/r/IndianFood/comments/abc215/blinkit_home_essentials/,IndianFood,submission
Blinkit vs Zepto — which has better baby care? Especially in Bangalore.,2024-10-02T13:05:43+00:00,/r/india/comments/abc216/blinkit_baby_care/,india,submission
I use Blinkit only for emergency groceries. For baby care I go to Amazon. Especially in Bangalore.,2024-04-18T04:14:05+00:00,/r/pets/comments/abc217/blinkit_baby_care/,pets,submission
Blinkit vs Zepto — which has better home essentials? Wish the homepage showed this category.,2024-07-18T10:23:21+00:00,/r/india/comments/abc218/blinkit_home_essentials/,india,submission
Blinkit vs Zepto — which has better home essentials? BigBasket still wins here for me.,2025-05-20T03:56:13+00:00,/r/pets/comments/abc219/blinkit_home_essentials/,pets,comment
